algorithm,runtime,graph_nodes,edge_probability,Budget,Budget_numeric
spreading_minbudget,1.3698512999690138,100.0,0.1,"(6, [(58, 1), (41, 1), (52, 1), (39, 1), (10, 1), (28, 1)])",6.0
heuristic_minbudget,0.0868658000254072,100.0,0.1,"(4, [(52, 1), (28, 1), (10, 1), (81, 1), (23, 2), (78, 2), (79, 2), (54, 2), (70, 3), (83, 3)])",4.0
spreading_minbudget,1.61529889999656,100.0,0.1,"(6, [(25, 1), (73, 1), (28, 1), (1, 1), (30, 1), (52, 1), (44, 2), (2, 2), (11, 2), (50, 2), (58, 2), (79, 2)])",6.0
heuristic_minbudget,0.0904110000119544,100.0,0.1,"(5, [(28, 1), (1, 1), (52, 1), (60, 1), (81, 1), (18, 2), (40, 2), (66, 2), (53, 2), (95, 2)])",5.0
spreading_minbudget,0.3022450999706052,100.0,0.1,"(1, [(10, 1), (93, 2)])",1.0
heuristic_minbudget,0.0403734999708831,100.0,0.1,"(1, [(10, 1), (93, 2)])",1.0
spreading_minbudget,1.0355164000065995,100.0,0.1,"(6, [(32, 1), (13, 1), (1, 1), (36, 1), (24, 1), (10, 1)])",6.0
heuristic_minbudget,0.0925592999556101,100.0,0.1,"(4, [(10, 1), (81, 1), (52, 1), (60, 1), (69, 2), (98, 2), (29, 2), (43, 2)])",4.0
spreading_minbudget,1.1844927999773065,100.0,0.1,"(3, [(33, 1), (58, 1), (1, 1), (85, 2), (93, 2), (11, 2)])",3.0
heuristic_minbudget,0.1152500999742187,100.0,0.1,"(4, [(1, 1), (10, 1), (28, 1), (60, 1), (58, 2), (93, 2), (9, 2), (62, 2), (31, 3)])",4.0
spreading_minbudget,1.116090300027281,100.0,0.1,"(3, [(32, 1), (58, 1), (28, 1), (22, 2), (40, 2), (11, 2)])",3.0
heuristic_minbudget,0.0577913000015541,100.0,0.1,"(3, [(28, 1), (10, 1), (81, 1), (79, 2), (42, 2), (48, 2)])",3.0
spreading_minbudget,0.5690662999986671,100.0,0.1,"(2, [(44, 1), (32, 1), (75, 2), (2, 2)])",2.0
heuristic_minbudget,0.2349411000031978,100.0,0.1,"(2, [(10, 1), (28, 1), (44, 2), (67, 2), (80, 3), (4, 3)])",2.0
spreading_minbudget,1.0450310000451282,100.0,0.1,"(6, [(58, 1), (28, 1), (1, 1), (11, 1), (15, 1), (52, 1)])",6.0
heuristic_minbudget,0.0913368999608792,100.0,0.1,"(4, [(28, 1), (1, 1), (52, 1), (10, 1), (44, 2), (48, 2), (39, 2), (79, 2), (31, 3), (80, 3), (83, 3)])",4.0
spreading_minbudget,0.2011102000251412,100.0,0.1,"(2, [(1, 1), (28, 1)])",2.0
heuristic_minbudget,0.0752952999901026,100.0,0.1,"(1, [(28, 1), (89, 2), (4, 3)])",1.0
spreading_minbudget,1.8654079999541864,100.0,0.1,"(5, [(81, 1), (10, 1), (52, 1), (1, 1), (25, 1), (51, 2), (44, 2), (86, 2), (2, 2), (11, 2)])",5.0
heuristic_minbudget,0.0687002000049687,100.0,0.1,"(5, [(81, 1), (10, 1), (52, 1), (28, 1), (60, 1), (23, 2), (69, 2), (98, 2)])",5.0
spreading_minbudget,1.4182440000004135,100.0,0.1,"(3, [(81, 1), (42, 1), (25, 1), (36, 2), (62, 2), (2, 2)])",3.0
heuristic_minbudget,0.0577956999768503,100.0,0.1,"(3, [(81, 1), (28, 1), (52, 1), (78, 2), (40, 2), (42, 2), (4, 3), (56, 3)])",3.0
spreading_minbudget,1.249328699952457,100.0,0.1,"(7, [(33, 1), (10, 1), (4, 1), (74, 1), (60, 1), (81, 1), (28, 1)])",7.0
heuristic_minbudget,0.1293033999972976,100.0,0.1,"(4, [(10, 1), (28, 1), (81, 1), (60, 1), (6, 2), (62, 2), (67, 2), (69, 2)])",4.0
spreading_minbudget,1.7269847000134178,100.0,0.1,"(7, [(4, 1), (28, 1), (32, 1), (60, 1), (1, 1), (36, 1), (10, 1)])",7.0
heuristic_minbudget,0.130041699972935,100.0,0.1,"(4, [(28, 1), (10, 1), (60, 1), (81, 1), (69, 2), (62, 2), (6, 2), (9, 2)])",4.0
spreading_minbudget,3.467637800029479,100.0,0.1,"(8, [(47, 1), (28, 1), (3, 1), (32, 1), (1, 1), (4, 1), (81, 1), (52, 1)])",8.0
heuristic_minbudget,0.2035812999820336,100.0,0.1,"(5, [(28, 1), (1, 1), (81, 1), (52, 1), (10, 1), (78, 2), (48, 2), (99, 2), (54, 2), (42, 2)])",5.0
spreading_minbudget,1.0686701000086032,100.0,0.1,"(3, [(4, 1), (3, 1), (28, 1)])",3.0
heuristic_minbudget,0.1792609000112861,100.0,0.1,"(2, [(28, 1), (81, 1), (78, 2), (48, 2)])",2.0
spreading_minbudget,4.452729800017551,100.0,0.5,"(22, [(29, 1), (75, 1), (10, 1), (18, 1), (31, 1), (44, 1), (56, 1), (61, 1), (64, 1), (69, 1), (74, 1), (90, 1), (48, 1), (59, 1), (78, 1), (4, 1), (70, 1), (27, 1), (77, 1), (42, 1), (85, 1), (60, 1)])",22.0
heuristic_minbudget,2.6656967000453733,100.0,0.5,"(21, [(78, 1), (69, 1), (31, 1), (48, 1), (74, 1), (77, 1), (61, 1), (18, 1), (10, 1), (75, 1), (44, 1), (64, 1), (85, 1), (4, 1), (60, 1), (59, 1), (27, 1), (42, 1), (70, 1), (56, 1), (90, 1)])",21.0
spreading_minbudget,3.7947316999780014,100.0,0.5,"(20, [(19, 1), (91, 1), (9, 1), (10, 1), (12, 1), (29, 1), (34, 1), (58, 1), (61, 1), (64, 1), (65, 1), (66, 1), (69, 1), (37, 1), (48, 1), (59, 1), (78, 1), (36, 1), (73, 1), (60, 1)])",20.0
heuristic_minbudget,2.447140100004617,100.0,0.5,"(19, [(36, 1), (29, 1), (91, 1), (48, 1), (78, 1), (65, 1), (69, 1), (12, 1), (61, 1), (37, 1), (10, 1), (73, 1), (58, 1), (64, 1), (34, 1), (59, 1), (66, 1), (60, 1), (9, 1)])",19.0
spreading_minbudget,3.245735300006345,100.0,0.5,"(14, [(21, 1), (34, 1), (1, 1), (8, 1), (14, 1), (44, 1), (56, 1), (58, 1), (66, 1), (88, 1), (91, 1), (78, 1), (36, 1), (60, 1)])",14.0
heuristic_minbudget,1.5919519999879412,100.0,0.5,"(13, [(78, 1), (60, 1), (1, 1), (8, 1), (36, 1), (58, 1), (91, 1), (44, 1), (34, 1), (88, 1), (14, 1), (66, 1), (56, 1)])",13.0
spreading_minbudget,1.849892699974589,100.0,0.5,"(9, [(95, 1), (63, 1), (1, 1), (10, 1), (74, 1), (75, 1), (91, 1), (48, 1), (92, 1)])",9.0
heuristic_minbudget,1.8256808000151068,100.0,0.5,"(8, [(74, 1), (48, 1), (10, 1), (75, 1), (63, 1), (91, 1), (1, 1), (92, 1)])",8.0
spreading_minbudget,4.459380699961912,100.0,0.5,"(23, [(2, 1), (14, 1), (10, 1), (1, 1), (7, 1), (9, 1), (12, 1), (18, 1), (20, 1), (47, 1), (56, 1), (61, 1), (63, 1), (65, 1), (74, 1), (88, 1), (91, 1), (97, 1), (70, 1), (71, 1), (73, 1), (42, 1), (60, 1)])",23.0
heuristic_minbudget,2.739017200015951,100.0,0.5,"(22, [(74, 1), (73, 1), (56, 1), (71, 1), (65, 1), (63, 1), (7, 1), (18, 1), (10, 1), (12, 1), (61, 1), (97, 1), (91, 1), (88, 1), (1, 1), (20, 1), (47, 1), (42, 1), (60, 1), (14, 1), (70, 1), (9, 1)])",22.0
spreading_minbudget,3.160891100007575,100.0,0.5,"(15, [(95, 1), (1, 1), (8, 1), (15, 1), (34, 1), (51, 1), (53, 1), (69, 1), (76, 1), (88, 1), (97, 1), (37, 1), (27, 1), (77, 1), (85, 1)])",15.0
heuristic_minbudget,2.2211116999969818,100.0,0.5,"(14, [(51, 1), (53, 1), (76, 1), (77, 1), (37, 1), (69, 1), (88, 1), (97, 1), (15, 1), (85, 1), (34, 1), (1, 1), (8, 1), (27, 1)])",14.0
spreading_minbudget,3.233704799960833,100.0,0.5,"(17, [(29, 1), (48, 1), (7, 1), (14, 1), (15, 1), (34, 1), (53, 1), (58, 1), (63, 1), (65, 1), (66, 1), (74, 1), (76, 1), (79, 1), (71, 1), (85, 1), (60, 1)])",17.0
heuristic_minbudget,2.32436400000006,100.0,0.5,"(17, [(79, 1), (48, 1), (65, 1), (74, 1), (71, 1), (63, 1), (7, 1), (58, 1), (29, 1), (15, 1), (76, 1), (85, 1), (34, 1), (53, 1), (60, 1), (14, 1), (66, 1)])",17.0
spreading_minbudget,0.948627900041174,100.0,0.5,"(6, [(36, 1), (51, 1), (53, 1), (56, 1), (63, 1), (64, 1)])",6.0
heuristic_minbudget,1.4959592000232078,100.0,0.5,"(6, [(36, 1), (64, 1), (53, 1), (51, 1), (63, 1), (56, 1)])",6.0
spreading_minbudget,1.9659097000258043,100.0,0.5,"(10, [(20, 1), (79, 1), (9, 1), (12, 1), (63, 1), (69, 1), (88, 1), (48, 1), (59, 1), (70, 1)])",10.0
heuristic_minbudget,1.6187127000303008,100.0,0.5,"(10, [(12, 1), (79, 1), (69, 1), (48, 1), (63, 1), (88, 1), (20, 1), (59, 1), (70, 1), (9, 1)])",10.0
spreading_minbudget,1.167049300041981,100.0,0.5,"(7, [(79, 1), (10, 1), (20, 1), (74, 1), (75, 1), (90, 1), (77, 1)])",7.0
heuristic_minbudget,1.7852175000007264,100.0,0.5,"(6, [(74, 1), (75, 1), (77, 1), (10, 1), (20, 1), (90, 1)])",6.0
spreading_minbudget,2.888400800002273,100.0,0.5,"(12, [(29, 1), (62, 1), (15, 1), (7, 1), (18, 1), (28, 1), (34, 1), (75, 1), (43, 1), (70, 1), (77, 1), (85, 1)])",12.0
heuristic_minbudget,1.823357800021768,100.0,0.5,"(12, [(62, 1), (29, 1), (77, 1), (7, 1), (18, 1), (43, 1), (75, 1), (15, 1), (85, 1), (28, 1), (34, 1), (70, 1)])",12.0
spreading_minbudget,2.495334700040985,100.0,0.5,"(14, [(25, 1), (7, 1), (9, 1), (12, 1), (15, 1), (63, 1), (66, 1), (79, 1), (88, 1), (91, 1), (43, 1), (59, 1), (73, 1), (42, 1)])",14.0
heuristic_minbudget,1.5933083999552764,100.0,0.5,"(13, [(63, 1), (91, 1), (79, 1), (7, 1), (12, 1), (88, 1), (73, 1), (15, 1), (43, 1), (59, 1), (66, 1), (42, 1), (9, 1)])",13.0
spreading_minbudget,2.591993299953174,100.0,0.5,"(15, [(4, 1), (15, 1), (7, 1), (12, 1), (29, 1), (31, 1), (44, 1), (58, 1), (64, 1), (75, 1), (90, 1), (91, 1), (92, 1), (71, 1), (85, 1)])",15.0
heuristic_minbudget,2.1443285000277683,100.0,0.5,"(15, [(7, 1), (64, 1), (71, 1), (12, 1), (75, 1), (29, 1), (44, 1), (91, 1), (31, 1), (58, 1), (15, 1), (85, 1), (4, 1), (92, 1), (90, 1)])",15.0
spreading_minbudget,4.095517900015693,100.0,0.5,"(24, [(41, 1), (64, 1), (15, 1), (10, 1), (18, 1), (20, 1), (28, 1), (31, 1), (51, 1), (53, 1), (58, 1), (61, 1), (65, 1), (66, 1), (74, 1), (76, 1), (88, 1), (90, 1), (91, 1), (92, 1), (70, 1), (73, 1), (42, 1), (85, 1)])",24.0
heuristic_minbudget,2.441908699984197,100.0,0.5,"(23, [(58, 1), (53, 1), (74, 1), (31, 1), (51, 1), (18, 1), (61, 1), (64, 1), (65, 1), (76, 1), (10, 1), (73, 1), (15, 1), (85, 1), (91, 1), (88, 1), (28, 1), (20, 1), (92, 1), (42, 1), (66, 1), (70, 1), (90, 1)])",23.0
spreading_minbudget,5.26656230003573,100.0,0.5,"(28, [(95, 1), (21, 1), (7, 1), (8, 1), (9, 1), (10, 1), (12, 1), (14, 1), (28, 1), (39, 1), (44, 1), (51, 1), (58, 1), (61, 1), (64, 1), (65, 1), (76, 1), (79, 1), (90, 1), (43, 1), (48, 1), (59, 1), (78, 1), (36, 1), (70, 1), (71, 1), (77, 1), (42, 1)])",28.0
heuristic_minbudget,2.0894046999746934,100.0,0.5,"(26, [(51, 1), (36, 1), (48, 1), (78, 1), (79, 1), (71, 1), (65, 1), (77, 1), (7, 1), (61, 1), (39, 1), (12, 1), (10, 1), (58, 1), (64, 1), (44, 1), (76, 1), (8, 1), (28, 1), (43, 1), (42, 1), (59, 1), (14, 1), (70, 1), (90, 1), (9, 1)])",26.0
spreading_minbudget,2.729609999980312,100.0,0.8,"(21, [(16, 1), (8, 1), (13, 1), (17, 1), (18, 1), (19, 1), (20, 1), (21, 1), (26, 1), (34, 1), (39, 1), (47, 1), (59, 1), (66, 1), (73, 1), (75, 1), (87, 1), (89, 1), (97, 1), (98, 1), (43, 1)])",21.0
heuristic_minbudget,5.7607586000231095,100.0,0.8,"(21, [(66, 1), (16, 1), (13, 1), (19, 1), (87, 1), (47, 1), (21, 1), (26, 1), (39, 1), (43, 1), (8, 1), (59, 1), (17, 1), (73, 1), (34, 1), (89, 1), (98, 1), (20, 1), (18, 1), (97, 1), (75, 1)])",21.0
spreading_minbudget,0.3885366999893449,100.0,0.8,"(2, [(75, 1), (72, 1)])",2.0
heuristic_minbudget,3.2185878999880515,100.0,0.8,"(2, [(75, 1), (72, 1)])",2.0
spreading_minbudget,1.1582011000136845,100.0,0.8,"(9, [(8, 1), (10, 1), (15, 1), (23, 1), (30, 1), (42, 1), (68, 1), (89, 1), (77, 1)])",9.0
heuristic_minbudget,3.5399684000294656,100.0,0.8,"(9, [(23, 1), (15, 1), (68, 1), (30, 1), (8, 1), (89, 1), (42, 1), (77, 1), (10, 1)])",9.0
spreading_minbudget,4.158639999979641,100.0,0.8,"(25, [(9, 1), (3, 1), (5, 1), (7, 1), (10, 1), (11, 1), (14, 1), (16, 1), (17, 1), (18, 1), (19, 1), (21, 1), (23, 1), (37, 1), (39, 1), (65, 1), (67, 1), (81, 1), (84, 1), (97, 1), (99, 1), (35, 1), (43, 1), (61, 1), (69, 1)])",25.0
heuristic_minbudget,5.21017259999644,100.0,0.8,"(25, [(19, 1), (16, 1), (67, 1), (23, 1), (11, 1), (21, 1), (7, 1), (43, 1), (65, 1), (69, 1), (35, 1), (14, 1), (39, 1), (84, 1), (17, 1), (37, 1), (3, 1), (5, 1), (99, 1), (81, 1), (10, 1), (9, 1), (61, 1), (97, 1), (18, 1)])",25.0
spreading_minbudget,4.191552500007674,100.0,0.8,"(25, [(16, 1), (1, 1), (3, 1), (14, 1), (15, 1), (18, 1), (21, 1), (25, 1), (26, 1), (40, 1), (44, 1), (45, 1), (54, 1), (56, 1), (67, 1), (78, 1), (79, 1), (84, 1), (87, 1), (90, 1), (97, 1), (99, 1), (41, 1), (69, 1), (77, 1)])",25.0
heuristic_minbudget,5.111011300003156,100.0,0.8,"(25, [(44, 1), (16, 1), (67, 1), (56, 1), (87, 1), (45, 1), (26, 1), (69, 1), (15, 1), (54, 1), (21, 1), (40, 1), (1, 1), (41, 1), (14, 1), (25, 1), (99, 1), (84, 1), (90, 1), (97, 1), (3, 1), (77, 1), (18, 1), (78, 1), (79, 1)])",25.0
spreading_minbudget,0.9588080000248738,100.0,0.8,"(6, [(22, 1), (14, 1), (26, 1), (60, 1), (85, 1), (61, 1)])",6.0
heuristic_minbudget,3.67604259995278,100.0,0.8,"(6, [(60, 1), (22, 1), (26, 1), (14, 1), (61, 1), (85, 1)])",6.0
spreading_minbudget,4.219979599991348,100.0,0.8,"(25, [(3, 1), (1, 1), (4, 1), (7, 1), (11, 1), (13, 1), (14, 1), (17, 1), (20, 1), (21, 1), (22, 1), (32, 1), (42, 1), (45, 1), (54, 1), (68, 1), (78, 1), (82, 1), (85, 1), (93, 1), (95, 1), (96, 1), (69, 1), (71, 1), (76, 1)])",25.0
heuristic_minbudget,5.103764800005592,100.0,0.8,"(25, [(22, 1), (95, 1), (32, 1), (13, 1), (11, 1), (93, 1), (45, 1), (68, 1), (7, 1), (17, 1), (54, 1), (69, 1), (3, 1), (1, 1), (4, 1), (21, 1), (96, 1), (76, 1), (71, 1), (78, 1), (14, 1), (82, 1), (42, 1), (20, 1), (85, 1)])",25.0
spreading_minbudget,0.076655099983327,100.0,0.8,"(1, [(22, 1)])",1.0
heuristic_minbudget,3.3516819999786094,100.0,0.8,"(1, [(22, 1)])",1.0
spreading_minbudget,0.2638450000085868,100.0,0.8,"(3, [(13, 1), (32, 1), (90, 1)])",3.0
heuristic_minbudget,3.1666465999442157,100.0,0.8,"(3, [(32, 1), (13, 1), (90, 1)])",3.0
spreading_minbudget,5.368509499996435,100.0,0.8,"(36, [(18, 1), (3, 1), (4, 1), (9, 1), (12, 1), (14, 1), (16, 1), (21, 1), (22, 1), (23, 1), (26, 1), (30, 1), (33, 1), (34, 1), (37, 1), (39, 1), (40, 1), (42, 1), (46, 1), (47, 1), (56, 1), (59, 1), (60, 1), (64, 1), (65, 1), (66, 1), (73, 1), (79, 1), (81, 1), (84, 1), (90, 1), (93, 1), (98, 1), (43, 1), (70, 1), (76, 1)])",36.0
heuristic_minbudget,5.776265799999237,100.0,0.8,"(36, [(23, 1), (22, 1), (66, 1), (16, 1), (56, 1), (93, 1), (30, 1), (21, 1), (26, 1), (47, 1), (14, 1), (59, 1), (64, 1), (65, 1), (40, 1), (76, 1), (60, 1), (84, 1), (18, 1), (46, 1), (43, 1), (4, 1), (39, 1), (37, 1), (98, 1), (33, 1), (9, 1), (73, 1), (34, 1), (42, 1), (81, 1), (3, 1), (70, 1), (90, 1), (12, 1), (79, 1)])",36.0
spreading_minbudget,3.749549099942669,100.0,0.8,"(22, [(2, 1), (11, 1), (17, 1), (18, 1), (22, 1), (25, 1), (26, 1), (37, 1), (39, 1), (56, 1), (66, 1), (67, 1), (81, 1), (82, 1), (95, 1), (96, 1), (99, 1), (35, 1), (61, 1), (71, 1), (76, 1), (77, 1)])",22.0
heuristic_minbudget,5.738247799978126,100.0,0.8,"(22, [(22, 1), (95, 1), (66, 1), (67, 1), (11, 1), (56, 1), (26, 1), (2, 1), (35, 1), (39, 1), (96, 1), (76, 1), (17, 1), (25, 1), (37, 1), (71, 1), (99, 1), (18, 1), (81, 1), (82, 1), (77, 1), (61, 1)])",22.0
spreading_minbudget,4.193175800028257,100.0,0.8,"(24, [(19, 1), (2, 1), (4, 1), (9, 1), (15, 1), (16, 1), (17, 1), (23, 1), (26, 1), (30, 1), (34, 1), (39, 1), (40, 1), (56, 1), (60, 1), (67, 1), (93, 1), (95, 1), (96, 1), (98, 1), (99, 1), (41, 1), (72, 1), (76, 1)])",24.0
heuristic_minbudget,5.200744699977804,100.0,0.8,"(24, [(16, 1), (67, 1), (95, 1), (23, 1), (19, 1), (30, 1), (56, 1), (15, 1), (26, 1), (60, 1), (76, 1), (93, 1), (17, 1), (2, 1), (96, 1), (40, 1), (34, 1), (39, 1), (98, 1), (4, 1), (41, 1), (99, 1), (9, 1), (72, 1)])",24.0
spreading_minbudget,1.5355639000190422,100.0,0.8,"(7, [(65, 1), (19, 1), (25, 1), (40, 1), (53, 1), (81, 1), (61, 1)])",7.0
heuristic_minbudget,3.5650057999882847,100.0,0.8,"(7, [(19, 1), (65, 1), (40, 1), (53, 1), (61, 1), (81, 1), (25, 1)])",7.0
spreading_minbudget,6.467576399969403,100.0,0.8,"(38, [(11, 1), (6, 1), (14, 1), (15, 1), (17, 1), (18, 1), (21, 1), (23, 1), (25, 1), (26, 1), (37, 1), (39, 1), (40, 1), (42, 1), (44, 1), (46, 1), (51, 1), (53, 1), (54, 1), (56, 1), (57, 1), (59, 1), (65, 1), (66, 1), (79, 1), (82, 1), (84, 1), (90, 1), (93, 1), (96, 1), (99, 1), (41, 1), (61, 1), (70, 1), (74, 1), (71, 1), (72, 1), (76, 1)])",38.0
heuristic_minbudget,5.834332200000063,100.0,0.8,"(38, [(93, 1), (66, 1), (44, 1), (23, 1), (51, 1), (56, 1), (11, 1), (59, 1), (6, 1), (21, 1), (40, 1), (15, 1), (14, 1), (65, 1), (53, 1), (84, 1), (17, 1), (46, 1), (96, 1), (54, 1), (76, 1), (26, 1), (71, 1), (39, 1), (37, 1), (41, 1), (57, 1), (18, 1), (99, 1), (25, 1), (82, 1), (42, 1), (72, 1), (90, 1), (79, 1), (61, 1), (70, 1), (74, 1)])",38.0
spreading_minbudget,4.560064200020861,100.0,0.8,"(28, [(1, 1), (3, 1), (4, 1), (5, 1), (8, 1), (12, 1), (13, 1), (15, 1), (16, 1), (18, 1), (22, 1), (23, 1), (25, 1), (37, 1), (44, 1), (45, 1), (47, 1), (54, 1), (56, 1), (57, 1), (59, 1), (60, 1), (67, 1), (75, 1), (89, 1), (99, 1), (41, 1), (76, 1)])",28.0
heuristic_minbudget,5.185500600025989,100.0,0.8,"(28, [(5, 1), (23, 1), (22, 1), (44, 1), (67, 1), (13, 1), (16, 1), (15, 1), (59, 1), (56, 1), (8, 1), (45, 1), (47, 1), (54, 1), (57, 1), (60, 1), (76, 1), (89, 1), (18, 1), (75, 1), (1, 1), (41, 1), (12, 1), (37, 1), (99, 1), (25, 1), (4, 1), (3, 1)])",28.0
spreading_minbudget,15.184391899965703,200.0,0.1,"(13, [(69, 1), (44, 1), (78, 1), (80, 1), (105, 1), (175, 1), (150, 1), (59, 1), (133, 1), (39, 1), (131, 1), (7, 1), (11, 1)])",13.0
heuristic_minbudget,0.6987134000519291,200.0,0.1,"(10, [(131, 1), (133, 1), (39, 1), (59, 1), (11, 1), (150, 1), (43, 1), (92, 1), (46, 1), (128, 1), (51, 2), (169, 2), (146, 2), (135, 2), (106, 2), (107, 2), (95, 2), (31, 2), (199, 2), (54, 2)])",10.0
spreading_minbudget,7.412769699993078,200.0,0.1,"(12, [(94, 1), (140, 1), (126, 1), (144, 1), (39, 1), (131, 1), (8, 1), (29, 1), (174, 1), (11, 1), (46, 1), (64, 1)])",12.0
heuristic_minbudget,0.8096976000233553,200.0,0.1,"(9, [(46, 1), (174, 1), (29, 1), (8, 1), (11, 1), (64, 1), (131, 1), (128, 1), (2, 1), (191, 2), (47, 2), (110, 2), (190, 2), (173, 2), (178, 2), (198, 2), (136, 2), (23, 2)])",9.0
spreading_minbudget,5.149531900009606,200.0,0.1,"(7, [(162, 1), (43, 1), (28, 1), (11, 1), (131, 1), (51, 1), (133, 1)])",7.0
heuristic_minbudget,0.8626546000014059,200.0,0.1,"(6, [(133, 1), (131, 1), (43, 1), (92, 1), (59, 1), (39, 1), (136, 2), (168, 2), (194, 2), (188, 2), (177, 2), (195, 2)])",6.0
spreading_minbudget,10.914319300034547,200.0,0.1,"(13, [(46, 1), (54, 1), (4, 1), (29, 1), (43, 1), (19, 1), (51, 1), (11, 1), (193, 1), (39, 1), (132, 1), (8, 1), (64, 1)])",13.0
heuristic_minbudget,0.9316763000097126,200.0,0.1,"(9, [(46, 1), (11, 1), (29, 1), (64, 1), (39, 1), (8, 1), (128, 1), (59, 1), (92, 1), (182, 2), (165, 2), (17, 2), (87, 2), (132, 2), (22, 2), (110, 2), (136, 2), (138, 2)])",9.0
spreading_minbudget,5.929760499973781,200.0,0.1,"(9, [(69, 1), (142, 1), (29, 1), (43, 1), (87, 1), (2, 1), (111, 1), (8, 1), (46, 1)])",9.0
heuristic_minbudget,0.7827324999962002,200.0,0.1,"(7, [(29, 1), (8, 1), (46, 1), (43, 1), (2, 1), (174, 1), (131, 1), (139, 2), (93, 2), (130, 2), (178, 2), (122, 2), (33, 2), (173, 2)])",7.0
spreading_minbudget,3.4813208999694325,200.0,0.1,"(5, [(139, 1), (94, 1), (116, 1), (193, 1), (8, 1)])",5.0
heuristic_minbudget,0.7658468000008725,200.0,0.1,"(6, [(8, 1), (131, 1), (91, 1), (128, 1), (59, 1), (43, 1), (78, 2), (18, 2), (69, 2), (47, 2), (180, 2), (111, 2)])",6.0
spreading_minbudget,6.484092200000305,200.0,0.1,"(9, [(131, 1), (114, 1), (81, 1), (139, 1), (8, 1), (94, 1), (65, 1), (39, 1), (46, 1)])",9.0
heuristic_minbudget,0.7991025000228547,200.0,0.1,"(7, [(46, 1), (8, 1), (39, 1), (131, 1), (91, 1), (2, 1), (92, 1), (178, 2), (165, 2), (114, 2), (49, 2), (111, 2), (16, 2), (121, 2)])",7.0
spreading_minbudget,2.1043611000059173,200.0,0.1,"(4, [(54, 1), (128, 1), (19, 1), (174, 1)])",4.0
heuristic_minbudget,0.7361018999945372,200.0,0.1,"(3, [(174, 1), (128, 1), (133, 1), (54, 2), (7, 2), (190, 2)])",3.0
spreading_minbudget,3.2633613999933004,200.0,0.1,"(7, [(94, 1), (95, 1), (29, 1), (108, 1), (128, 1), (8, 1), (131, 1)])",7.0
heuristic_minbudget,0.5933826999971643,200.0,0.1,"(4, [(131, 1), (8, 1), (128, 1), (29, 1), (114, 2), (95, 2), (55, 2), (152, 2)])",4.0
spreading_minbudget,5.34976320003625,200.0,0.1,"(8, [(132, 1), (96, 1), (182, 1), (185, 1), (52, 1), (69, 1), (141, 1), (59, 1)])",8.0
heuristic_minbudget,0.7333528000162914,200.0,0.1,"(6, [(59, 1), (131, 1), (133, 1), (91, 1), (92, 1), (11, 1), (177, 2), (147, 2), (31, 2), (96, 2), (121, 2), (110, 2)])",6.0
spreading_minbudget,6.18615329999011,200.0,0.1,"(8, [(7, 1), (19, 1), (153, 1), (69, 1), (111, 1), (183, 1), (35, 1), (133, 1)])",8.0
heuristic_minbudget,0.7764804000034928,200.0,0.1,"(7, [(133, 1), (131, 1), (2, 1), (128, 1), (39, 1), (8, 1), (91, 1), (7, 2), (24, 2), (136, 2), (18, 2), (181, 2), (16, 2), (95, 2)])",7.0
spreading_minbudget,13.769435799971689,200.0,0.1,"(15, [(16, 1), (131, 1), (137, 1), (188, 1), (43, 1), (52, 1), (44, 1), (39, 1), (133, 1), (1, 1), (51, 1), (7, 1), (29, 1), (8, 1), (11, 1)])",15.0
heuristic_minbudget,0.9150937999947928,200.0,0.1,"(11, [(133, 1), (43, 1), (11, 1), (29, 1), (8, 1), (39, 1), (131, 1), (128, 1), (46, 1), (59, 1), (92, 1), (31, 2), (54, 2), (95, 2), (132, 2), (106, 2), (169, 2), (18, 2), (136, 2), (149, 2), (146, 2), (72, 2)])",11.0
spreading_minbudget,2.631459299998824,200.0,0.1,"(3, [(111, 1), (94, 1), (86, 1), (180, 2), (3, 2), (5, 2)])",3.0
heuristic_minbudget,0.6492177000036463,200.0,0.1,"(4, [(128, 1), (43, 1), (91, 1), (46, 1), (180, 2), (190, 2), (93, 2), (4, 2)])",4.0
spreading_minbudget,7.026426600001287,200.0,0.1,"(10, [(16, 1), (61, 1), (9, 1), (90, 1), (95, 1), (29, 1), (36, 1), (43, 1), (52, 1), (64, 1)])",10.0
heuristic_minbudget,0.751388099975884,200.0,0.1,"(8, [(64, 1), (29, 1), (43, 1), (131, 1), (133, 1), (128, 1), (92, 1), (46, 1), (51, 2), (187, 2), (149, 2), (114, 2), (141, 2), (93, 2), (117, 2), (47, 2)])",8.0
spreading_minbudget,7.057707700005267,200.0,0.1,"(9, [(80, 1), (128, 1), (140, 1), (116, 1), (142, 1), (75, 1), (11, 1), (91, 1), (131, 1)])",9.0
heuristic_minbudget,0.8297275999793783,200.0,0.1,"(7, [(131, 1), (128, 1), (91, 1), (92, 1), (8, 1), (46, 1), (29, 1), (152, 2), (189, 2), (18, 2), (115, 2), (182, 2), (178, 2), (31, 2)])",7.0
spreading_minbudget,11.03243459999794,200.0,0.5,"(22, [(50, 1), (140, 1), (26, 1), (67, 1), (84, 1), (128, 1), (138, 1), (175, 1), (180, 1), (183, 1), (40, 1), (61, 1), (103, 1), (114, 1), (157, 1), (58, 1), (112, 1), (124, 1), (141, 1), (164, 1), (145, 1), (27, 1)])",22.0
heuristic_minbudget,8.319928000040818,200.0,0.5,"(21, [(58, 1), (27, 1), (157, 1), (145, 1), (61, 1), (180, 1), (50, 1), (84, 1), (67, 1), (175, 1), (124, 1), (138, 1), (112, 1), (103, 1), (114, 1), (26, 1), (128, 1), (40, 1), (183, 1), (164, 1), (141, 1)])",21.0
spreading_minbudget,18.18694610003149,200.0,0.5,"(42, [(1, 1), (176, 1), (11, 1), (15, 1), (20, 1), (21, 1), (43, 1), (83, 1), (84, 1), (89, 1), (101, 1), (117, 1), (138, 1), (147, 1), (150, 1), (162, 1), (166, 1), (177, 1), (180, 1), (183, 1), (185, 1), (188, 1), (195, 1), (40, 1), (56, 1), (61, 1), (95, 1), (114, 1), (154, 1), (155, 1), (170, 1), (186, 1), (32, 1), (59, 1), (120, 1), (141, 1), (158, 1), (35, 1), (38, 1), (63, 1), (145, 1), (27, 1)])",42.0
heuristic_minbudget,199.675667399948,200.0,0.5,"(42, [(176, 1), (101, 1), (61, 1), (188, 1), (21, 1), (145, 1), (170, 1), (59, 1), (120, 1), (150, 1), (155, 1), (180, 1), (195, 1), (35, 1), (117, 1), (185, 1), (32, 1), (89, 1), (1, 1), (95, 1), (114, 1), (27, 1), (11, 1), (177, 1), (20, 1), (84, 1), (154, 1), (147, 1), (40, 1), (138, 1), (166, 1), (43, 1), (162, 1), (183, 1), (56, 1), (63, 1), (186, 1), (15, 1), (38, 1), (141, 1), (158, 1), (83, 1)])",42.0
spreading_minbudget,3.9214287999784574,200.0,0.5,"(16, [(21, 1), (26, 1), (23, 1), (67, 1), (77, 1), (83, 1), (88, 1), (89, 1), (138, 1), (179, 1), (106, 1), (143, 1), (157, 1), (170, 1), (186, 1), (129, 1)])",16.0
heuristic_minbudget,4.894669300003443,200.0,0.5,"(15, [(170, 1), (106, 1), (26, 1), (143, 1), (89, 1), (88, 1), (179, 1), (138, 1), (67, 1), (129, 1), (77, 1), (23, 1), (186, 1), (83, 1), (157, 1)])",15.0
spreading_minbudget,3.811609000025783,200.0,0.5,"(13, [(130, 1), (50, 1), (1, 1), (15, 1), (118, 1), (175, 1), (188, 1), (110, 1), (59, 1), (120, 1), (125, 1), (182, 1), (10, 1)])",13.0
heuristic_minbudget,5.838214899995364,200.0,0.5,"(12, [(118, 1), (1, 1), (110, 1), (188, 1), (120, 1), (59, 1), (50, 1), (175, 1), (10, 1), (182, 1), (125, 1), (15, 1)])",12.0
spreading_minbudget,22.9833418999915,200.0,0.5,"(52, [(18, 1), (105, 1), (17, 1), (1, 1), (11, 1), (20, 1), (26, 1), (43, 1), (64, 1), (74, 1), (77, 1), (88, 1), (101, 1), (118, 1), (137, 1), (142, 1), (146, 1), (162, 1), (163, 1), (165, 1), (166, 1), (167, 1), (176, 1), (180, 1), (185, 1), (194, 1), (40, 1), (44, 1), (55, 1), (56, 1), (57, 1), (71, 1), (95, 1), (127, 1), (136, 1), (154, 1), (155, 1), (170, 1), (58, 1), (120, 1), (124, 1), (125, 1), (129, 1), (158, 1), (164, 1), (35, 1), (48, 1), (63, 1), (115, 1), (196, 1), (126, 1), (27, 1)])",52.0
heuristic_minbudget,13.71030559996143,200.0,0.5,"(51, [(176, 1), (55, 1), (180, 1), (170, 1), (44, 1), (74, 1), (57, 1), (18, 1), (120, 1), (194, 1), (101, 1), (27, 1), (1, 1), (136, 1), (185, 1), (155, 1), (35, 1), (58, 1), (163, 1), (95, 1), (11, 1), (167, 1), (146, 1), (64, 1), (77, 1), (165, 1), (26, 1), (166, 1), (20, 1), (118, 1), (154, 1), (88, 1), (129, 1), (56, 1), (115, 1), (48, 1), (40, 1), (124, 1), (125, 1), (196, 1), (63, 1), (142, 1), (162, 1), (43, 1), (126, 1), (127, 1), (71, 1), (137, 1), (158, 1), (17, 1), (164, 1)])",51.0
spreading_minbudget,184.83350560005056,200.0,0.5,"(25, [(2, 1), (25, 1), (17, 1), (50, 1), (88, 1), (101, 1), (117, 1), (144, 1), (146, 1), (163, 1), (167, 1), (185, 1), (192, 1), (40, 1), (41, 1), (44, 1), (85, 1), (114, 1), (121, 1), (136, 1), (178, 1), (186, 1), (32, 1), (38, 1), (115, 1)])",25.0
heuristic_minbudget,5.457858200010378,200.0,0.5,"(24, [(41, 1), (136, 1), (44, 1), (185, 1), (178, 1), (101, 1), (85, 1), (32, 1), (114, 1), (117, 1), (163, 1), (50, 1), (146, 1), (144, 1), (192, 1), (121, 1), (88, 1), (167, 1), (25, 1), (38, 1), (40, 1), (17, 1), (115, 1), (186, 1)])",24.0
spreading_minbudget,0.4068442999850958,200.0,0.5,"(1, [(148, 1)])",1.0
heuristic_minbudget,3.668830099981278,200.0,0.5,"(1, [(148, 1)])",1.0
spreading_minbudget,2.5020809000125155,200.0,0.5,"(9, [(73, 1), (1, 1), (17, 1), (81, 1), (142, 1), (146, 1), (99, 1), (18, 1), (134, 1)])",9.0
heuristic_minbudget,6.564548900001682,200.0,0.5,"(9, [(1, 1), (81, 1), (73, 1), (18, 1), (134, 1), (146, 1), (99, 1), (142, 1), (17, 1)])",9.0
spreading_minbudget,19.79511720000301,200.0,0.5,"(47, [(35, 1), (21, 1), (1, 1), (11, 1), (20, 1), (23, 1), (73, 1), (74, 1), (77, 1), (81, 1), (83, 1), (90, 1), (117, 1), (118, 1), (137, 1), (144, 1), (149, 1), (162, 1), (163, 1), (167, 1), (177, 1), (180, 1), (185, 1), (195, 1), (41, 1), (47, 1), (61, 1), (71, 1), (85, 1), (106, 1), (154, 1), (18, 1), (32, 1), (58, 1), (59, 1), (78, 1), (120, 1), (124, 1), (125, 1), (129, 1), (158, 1), (164, 1), (189, 1), (48, 1), (196, 1), (126, 1), (10, 1)])",47.0
heuristic_minbudget,14.950175300007686,200.0,0.5,"(45, [(58, 1), (81, 1), (126, 1), (74, 1), (41, 1), (18, 1), (73, 1), (189, 1), (120, 1), (195, 1), (90, 1), (180, 1), (59, 1), (163, 1), (185, 1), (1, 1), (32, 1), (11, 1), (117, 1), (149, 1), (85, 1), (177, 1), (61, 1), (144, 1), (167, 1), (20, 1), (48, 1), (106, 1), (47, 1), (154, 1), (23, 1), (77, 1), (118, 1), (124, 1), (78, 1), (129, 1), (125, 1), (158, 1), (10, 1), (137, 1), (196, 1), (162, 1), (71, 1), (83, 1), (164, 1)])",45.0
spreading_minbudget,5.388526200025808,200.0,0.5,"(15, [(91, 1), (64, 1), (81, 1), (118, 1), (149, 1), (151, 1), (156, 1), (179, 1), (51, 1), (103, 1), (127, 1), (59, 1), (78, 1), (35, 1), (63, 1)])",15.0
heuristic_minbudget,7.197366899985354,200.0,0.5,"(14, [(81, 1), (59, 1), (156, 1), (51, 1), (35, 1), (64, 1), (149, 1), (151, 1), (103, 1), (179, 1), (63, 1), (78, 1), (127, 1), (118, 1)])",14.0
spreading_minbudget,19.23559659998864,200.0,0.5,"(46, [(146, 1), (101, 1), (1, 1), (11, 1), (21, 1), (43, 1), (50, 1), (64, 1), (67, 1), (81, 1), (84, 1), (89, 1), (90, 1), (117, 1), (118, 1), (128, 1), (137, 1), (142, 1), (144, 1), (147, 1), (149, 1), (165, 1), (176, 1), (177, 1), (180, 1), (188, 1), (194, 1), (195, 1), (40, 1), (41, 1), (51, 1), (61, 1), (95, 1), (103, 1), (114, 1), (127, 1), (178, 1), (32, 1), (58, 1), (59, 1), (125, 1), (134, 1), (35, 1), (48, 1), (98, 1), (10, 1)])",46.0
heuristic_minbudget,13.25289249996422,200.0,0.5,"(45, [(81, 1), (178, 1), (195, 1), (176, 1), (21, 1), (188, 1), (41, 1), (134, 1), (51, 1), (101, 1), (59, 1), (194, 1), (61, 1), (177, 1), (50, 1), (58, 1), (180, 1), (35, 1), (95, 1), (103, 1), (117, 1), (114, 1), (32, 1), (11, 1), (149, 1), (67, 1), (1, 1), (89, 1), (165, 1), (128, 1), (84, 1), (48, 1), (90, 1), (144, 1), (40, 1), (64, 1), (98, 1), (147, 1), (10, 1), (125, 1), (118, 1), (137, 1), (43, 1), (127, 1), (142, 1)])",45.0
spreading_minbudget,16.16573160002008,200.0,0.5,"(39, [(176, 1), (85, 1), (1, 1), (23, 1), (25, 1), (26, 1), (50, 1), (74, 1), (81, 1), (84, 1), (118, 1), (128, 1), (140, 1), (144, 1), (146, 1), (156, 1), (188, 1), (195, 1), (198, 1), (28, 1), (51, 1), (61, 1), (71, 1), (106, 1), (121, 1), (136, 1), (143, 1), (186, 1), (112, 1), (124, 1), (134, 1), (141, 1), (189, 1), (35, 1), (48, 1), (115, 1), (196, 1), (126, 1), (98, 1)])",39.0
heuristic_minbudget,12.30691129999468,200.0,0.5,"(37, [(188, 1), (48, 1), (121, 1), (74, 1), (81, 1), (136, 1), (134, 1), (61, 1), (189, 1), (195, 1), (51, 1), (50, 1), (143, 1), (84, 1), (112, 1), (146, 1), (35, 1), (144, 1), (198, 1), (1, 1), (28, 1), (26, 1), (126, 1), (156, 1), (128, 1), (98, 1), (140, 1), (25, 1), (106, 1), (186, 1), (118, 1), (124, 1), (23, 1), (71, 1), (196, 1), (115, 1), (141, 1)])",37.0
spreading_minbudget,6.050957900006324,200.0,0.5,"(12, [(21, 1), (195, 1), (11, 1), (50, 1), (88, 1), (185, 1), (95, 1), (127, 1), (170, 1), (186, 1), (125, 1), (196, 1)])",12.0
heuristic_minbudget,7.459408199996687,200.0,0.5,"(11, [(170, 1), (195, 1), (95, 1), (185, 1), (11, 1), (50, 1), (88, 1), (127, 1), (125, 1), (186, 1), (196, 1)])",11.0
spreading_minbudget,18.11505369999213,200.0,0.5,"(41, [(13, 1), (183, 1), (1, 1), (20, 1), (21, 1), (26, 1), (74, 1), (77, 1), (84, 1), (88, 1), (89, 1), (101, 1), (118, 1), (137, 1), (146, 1), (162, 1), (167, 1), (176, 1), (179, 1), (192, 1), (195, 1), (28, 1), (44, 1), (55, 1), (56, 1), (71, 1), (114, 1), (136, 1), (143, 1), (170, 1), (178, 1), (18, 1), (32, 1), (58, 1), (124, 1), (125, 1), (158, 1), (182, 1), (35, 1), (63, 1), (126, 1)])",41.0
heuristic_minbudget,13.136786599992774,200.0,0.5,"(40, [(21, 1), (146, 1), (35, 1), (176, 1), (74, 1), (44, 1), (170, 1), (178, 1), (136, 1), (18, 1), (143, 1), (195, 1), (32, 1), (89, 1), (55, 1), (28, 1), (58, 1), (63, 1), (114, 1), (179, 1), (1, 1), (101, 1), (124, 1), (84, 1), (192, 1), (88, 1), (20, 1), (26, 1), (126, 1), (167, 1), (77, 1), (125, 1), (162, 1), (183, 1), (118, 1), (56, 1), (71, 1), (158, 1), (137, 1), (182, 1)])",40.0
spreading_minbudget,11.461182799946982,200.0,0.5,"(22, [(65, 1), (176, 1), (64, 1), (81, 1), (89, 1), (137, 1), (140, 1), (162, 1), (167, 1), (177, 1), (183, 1), (188, 1), (85, 1), (170, 1), (58, 1), (78, 1), (129, 1), (141, 1), (164, 1), (196, 1), (98, 1), (10, 1)])",22.0
heuristic_minbudget,8.238728900032584,200.0,0.5,"(21, [(188, 1), (177, 1), (170, 1), (176, 1), (81, 1), (58, 1), (85, 1), (89, 1), (64, 1), (129, 1), (183, 1), (98, 1), (10, 1), (78, 1), (140, 1), (162, 1), (167, 1), (137, 1), (196, 1), (164, 1), (141, 1)])",21.0
spreading_minbudget,16.520796000026166,200.0,0.8,"(38, [(2, 1), (5, 1), (11, 1), (12, 1), (42, 1), (46, 1), (50, 1), (51, 1), (69, 1), (78, 1), (90, 1), (94, 1), (96, 1), (114, 1), (116, 1), (119, 1), (120, 1), (124, 1), (136, 1), (137, 1), (142, 1), (145, 1), (149, 1), (158, 1), (173, 1), (183, 1), (187, 1), (199, 1), (21, 1), (45, 1), (52, 1), (104, 1), (118, 1), (123, 1), (139, 1), (153, 1), (195, 1), (17, 1)])",38.0
heuristic_minbudget,21.65076859999681,200.0,0.8,"(38, [(145, 1), (2, 1), (120, 1), (104, 1), (149, 1), (173, 1), (42, 1), (5, 1), (94, 1), (137, 1), (12, 1), (45, 1), (51, 1), (90, 1), (142, 1), (96, 1), (158, 1), (78, 1), (11, 1), (118, 1), (139, 1), (50, 1), (119, 1), (183, 1), (52, 1), (187, 1), (116, 1), (17, 1), (21, 1), (136, 1), (153, 1), (69, 1), (114, 1), (124, 1), (46, 1), (199, 1), (123, 1), (195, 1)])",38.0
spreading_minbudget,13.570045699947514,200.0,0.8,"(34, [(60, 1), (11, 1), (32, 1), (33, 1), (35, 1), (43, 1), (48, 1), (64, 1), (67, 1), (73, 1), (76, 1), (81, 1), (88, 1), (96, 1), (101, 1), (114, 1), (115, 1), (136, 1), (146, 1), (169, 1), (181, 1), (190, 1), (191, 1), (21, 1), (52, 1), (75, 1), (84, 1), (131, 1), (139, 1), (143, 1), (153, 1), (198, 1), (17, 1), (74, 1)])",34.0
heuristic_minbudget,20.635664200002797,200.0,0.8,"(34, [(96, 1), (146, 1), (101, 1), (169, 1), (190, 1), (88, 1), (191, 1), (52, 1), (64, 1), (81, 1), (143, 1), (43, 1), (139, 1), (198, 1), (32, 1), (11, 1), (48, 1), (74, 1), (84, 1), (115, 1), (67, 1), (21, 1), (75, 1), (76, 1), (60, 1), (114, 1), (33, 1), (153, 1), (35, 1), (17, 1), (131, 1), (136, 1), (73, 1), (181, 1)])",34.0
spreading_minbudget,19.67299809999531,200.0,0.8,"(51, [(22, 1), (2, 1), (13, 1), (18, 1), (19, 1), (31, 1), (41, 1), (42, 1), (44, 1), (50, 1), (61, 1), (69, 1), (72, 1), (77, 1), (81, 1), (95, 1), (98, 1), (101, 1), (106, 1), (109, 1), (112, 1), (114, 1), (120, 1), (126, 1), (138, 1), (142, 1), (149, 1), (152, 1), (155, 1), (158, 1), (161, 1), (164, 1), (171, 1), (178, 1), (183, 1), (188, 1), (193, 1), (199, 1), (27, 1), (55, 1), (75, 1), (103, 1), (104, 1), (123, 1), (128, 1), (131, 1), (143, 1), (153, 1), (176, 1), (195, 1), (74, 1)])",51.0
heuristic_minbudget,29.089156400004867,200.0,0.8,"(51, [(22, 1), (104, 1), (31, 1), (101, 1), (103, 1), (19, 1), (120, 1), (2, 1), (98, 1), (18, 1), (149, 1), (161, 1), (77, 1), (81, 1), (42, 1), (158, 1), (27, 1), (112, 1), (188, 1), (171, 1), (142, 1), (72, 1), (44, 1), (155, 1), (152, 1), (193, 1), (143, 1), (75, 1), (164, 1), (106, 1), (178, 1), (50, 1), (41, 1), (61, 1), (183, 1), (55, 1), (74, 1), (138, 1), (126, 1), (153, 1), (109, 1), (114, 1), (176, 1), (128, 1), (199, 1), (195, 1), (69, 1), (13, 1), (123, 1), (131, 1), (95, 1)])",51.0
spreading_minbudget,18.65450659999624,200.0,0.8,"(52, [(2, 1), (5, 1), (8, 1), (9, 1), (10, 1), (22, 1), (41, 1), (60, 1), (61, 1), (69, 1), (71, 1), (73, 1), (76, 1), (77, 1), (85, 1), (94, 1), (95, 1), (98, 1), (114, 1), (121, 1), (132, 1), (136, 1), (137, 1), (148, 1), (151, 1), (152, 1), (155, 1), (158, 1), (161, 1), (162, 1), (169, 1), (171, 1), (183, 1), (185, 1), (188, 1), (190, 1), (191, 1), (194, 1), (27, 1), (52, 1), (55, 1), (75, 1), (104, 1), (123, 1), (131, 1), (143, 1), (195, 1), (4, 1), (26, 1), (30, 1), (74, 1), (197, 1)])",52.0
heuristic_minbudget,25.99629650003044,200.0,0.8,"(52, [(169, 1), (22, 1), (2, 1), (98, 1), (190, 1), (191, 1), (161, 1), (137, 1), (5, 1), (104, 1), (77, 1), (188, 1), (27, 1), (132, 1), (143, 1), (155, 1), (94, 1), (171, 1), (26, 1), (148, 1), (52, 1), (8, 1), (152, 1), (158, 1), (10, 1), (4, 1), (41, 1), (74, 1), (183, 1), (61, 1), (162, 1), (55, 1), (75, 1), (76, 1), (185, 1), (197, 1), (85, 1), (71, 1), (151, 1), (60, 1), (114, 1), (69, 1), (136, 1), (121, 1), (9, 1), (30, 1), (131, 1), (194, 1), (73, 1), (95, 1), (123, 1), (195, 1)])",52.0
spreading_minbudget,15.29230600001756,200.0,0.8,"(40, [(64, 1), (6, 1), (11, 1), (23, 1), (33, 1), (42, 1), (51, 1), (62, 1), (67, 1), (72, 1), (76, 1), (77, 1), (79, 1), (95, 1), (96, 1), (98, 1), (112, 1), (119, 1), (126, 1), (127, 1), (130, 1), (135, 1), (144, 1), (148, 1), (149, 1), (152, 1), (155, 1), (162, 1), (172, 1), (180, 1), (184, 1), (188, 1), (194, 1), (196, 1), (45, 1), (63, 1), (103, 1), (118, 1), (4, 1), (87, 1)])",40.0
heuristic_minbudget,27.40361839998513,200.0,0.8,"(40, [(98, 1), (180, 1), (103, 1), (149, 1), (127, 1), (42, 1), (45, 1), (77, 1), (188, 1), (96, 1), (51, 1), (118, 1), (112, 1), (148, 1), (64, 1), (130, 1), (4, 1), (72, 1), (162, 1), (184, 1), (144, 1), (119, 1), (155, 1), (23, 1), (11, 1), (126, 1), (135, 1), (67, 1), (87, 1), (172, 1), (152, 1), (196, 1), (63, 1), (76, 1), (6, 1), (62, 1), (79, 1), (33, 1), (95, 1), (194, 1)])",40.0
spreading_minbudget,4.286869500007015,200.0,0.8,"(13, [(48, 1), (19, 1), (59, 1), (72, 1), (76, 1), (77, 1), (106, 1), (126, 1), (129, 1), (151, 1), (183, 1), (194, 1), (87, 1)])",13.0
heuristic_minbudget,14.235070200054906,200.0,0.8,"(13, [(87, 1), (19, 1), (59, 1), (77, 1), (72, 1), (48, 1), (106, 1), (183, 1), (126, 1), (129, 1), (151, 1), (76, 1), (194, 1)])",13.0
spreading_minbudget,2.6538241999805905,200.0,0.8,"(8, [(96, 1), (76, 1), (78, 1), (91, 1), (158, 1), (173, 1), (17, 1), (87, 1)])",8.0
heuristic_minbudget,11.964156200003345,200.0,0.8,"(8, [(173, 1), (91, 1), (78, 1), (96, 1), (87, 1), (158, 1), (17, 1), (76, 1)])",8.0
spreading_minbudget,25.82723100000294,200.0,0.8,"(59, [(53, 1), (5, 1), (8, 1), (23, 1), (24, 1), (29, 1), (37, 1), (40, 1), (42, 1), (43, 1), (46, 1), (54, 1), (59, 1), (69, 1), (71, 1), (73, 1), (79, 1), (82, 1), (85, 1), (88, 1), (96, 1), (101, 1), (107, 1), (109, 1), (112, 1), (113, 1), (116, 1), (119, 1), (129, 1), (130, 1), (132, 1), (133, 1), (135, 1), (144, 1), (145, 1), (148, 1), (155, 1), (162, 1), (167, 1), (171, 1), (182, 1), (183, 1), (184, 1), (191, 1), (194, 1), (199, 1), (16, 1), (45, 1), (55, 1), (75, 1), (84, 1), (86, 1), (118, 1), (139, 1), (176, 1), (177, 1), (198, 1), (26, 1), (87, 1)])",59.0
heuristic_minbudget,28.34875859995373,200.0,0.8,"(59, [(145, 1), (133, 1), (37, 1), (53, 1), (88, 1), (82, 1), (101, 1), (191, 1), (5, 1), (45, 1), (59, 1), (86, 1), (16, 1), (24, 1), (42, 1), (183, 1), (118, 1), (112, 1), (132, 1), (130, 1), (148, 1), (155, 1), (8, 1), (144, 1), (171, 1), (54, 1), (109, 1), (135, 1), (129, 1), (96, 1), (23, 1), (119, 1), (139, 1), (29, 1), (162, 1), (43, 1), (26, 1), (40, 1), (198, 1), (84, 1), (182, 1), (55, 1), (199, 1), (184, 1), (87, 1), (167, 1), (71, 1), (194, 1), (85, 1), (75, 1), (113, 1), (73, 1), (176, 1), (107, 1), (116, 1), (69, 1), (79, 1), (177, 1), (46, 1)])",59.0
spreading_minbudget,20.010301700036507,200.0,0.8,"(54, [(12, 1), (5, 1), (8, 1), (9, 1), (10, 1), (20, 1), (23, 1), (29, 1), (32, 1), (35, 1), (40, 1), (48, 1), (51, 1), (59, 1), (60, 1), (61, 1), (64, 1), (67, 1), (68, 1), (71, 1), (82, 1), (88, 1), (91, 1), (94, 1), (95, 1), (98, 1), (115, 1), (124, 1), (135, 1), (144, 1), (145, 1), (146, 1), (155, 1), (157, 1), (162, 1), (164, 1), (165, 1), (184, 1), (191, 1), (38, 1), (45, 1), (52, 1), (84, 1), (103, 1), (104, 1), (128, 1), (139, 1), (153, 1), (176, 1), (198, 1), (26, 1), (30, 1), (87, 1), (83, 1)])",54.0
heuristic_minbudget,21.96332739997888,200.0,0.8,"(54, [(145, 1), (104, 1), (103, 1), (88, 1), (82, 1), (98, 1), (146, 1), (5, 1), (157, 1), (12, 1), (20, 1), (45, 1), (59, 1), (64, 1), (94, 1), (91, 1), (191, 1), (51, 1), (165, 1), (8, 1), (48, 1), (198, 1), (83, 1), (144, 1), (135, 1), (162, 1), (164, 1), (184, 1), (32, 1), (155, 1), (61, 1), (10, 1), (26, 1), (52, 1), (40, 1), (68, 1), (84, 1), (71, 1), (139, 1), (87, 1), (29, 1), (115, 1), (30, 1), (60, 1), (23, 1), (35, 1), (38, 1), (153, 1), (128, 1), (67, 1), (95, 1), (124, 1), (176, 1), (9, 1)])",54.0
spreading_minbudget,2.3682730000000447,200.0,0.8,"(11, [(6, 1), (24, 1), (31, 1), (59, 1), (114, 1), (148, 1), (169, 1), (190, 1), (84, 1), (104, 1), (118, 1)])",11.0
heuristic_minbudget,12.936651399999391,200.0,0.8,"(11, [(169, 1), (31, 1), (190, 1), (104, 1), (59, 1), (148, 1), (24, 1), (118, 1), (84, 1), (114, 1), (6, 1)])",11.0
spreading_minbudget,26.58271089999471,200.0,0.8,"(72, [(190, 1), (2, 1), (5, 1), (6, 1), (8, 1), (9, 1), (10, 1), (19, 1), (28, 1), (29, 1), (31, 1), (33, 1), (35, 1), (37, 1), (41, 1), (42, 1), (43, 1), (48, 1), (50, 1), (51, 1), (59, 1), (60, 1), (69, 1), (73, 1), (81, 1), (91, 1), (94, 1), (95, 1), (105, 1), (106, 1), (116, 1), (119, 1), (121, 1), (124, 1), (126, 1), (137, 1), (140, 1), (142, 1), (144, 1), (145, 1), (146, 1), (148, 1), (150, 1), (152, 1), (155, 1), (157, 1), (164, 1), (165, 1), (167, 1), (181, 1), (182, 1), (183, 1), (185, 1), (187, 1), (193, 1), (196, 1), (199, 1), (16, 1), (21, 1), (27, 1), (75, 1), (118, 1), (131, 1), (143, 1), (177, 1), (195, 1), (198, 1), (4, 1), (26, 1), (30, 1), (74, 1), (83, 1)])",72.0
heuristic_minbudget,23.100300099991728,200.0,0.8,"(71, [(145, 1), (42, 1), (140, 1), (37, 1), (2, 1), (31, 1), (19, 1), (146, 1), (16, 1), (5, 1), (157, 1), (51, 1), (59, 1), (148, 1), (164, 1), (91, 1), (83, 1), (94, 1), (106, 1), (155, 1), (183, 1), (137, 1), (27, 1), (126, 1), (142, 1), (193, 1), (10, 1), (143, 1), (152, 1), (196, 1), (29, 1), (43, 1), (75, 1), (187, 1), (185, 1), (118, 1), (165, 1), (50, 1), (28, 1), (105, 1), (4, 1), (119, 1), (144, 1), (150, 1), (41, 1), (60, 1), (81, 1), (8, 1), (199, 1), (26, 1), (182, 1), (74, 1), (116, 1), (48, 1), (69, 1), (124, 1), (33, 1), (167, 1), (73, 1), (6, 1), (177, 1), (131, 1), (198, 1), (21, 1), (30, 1), (35, 1), (181, 1), (95, 1), (121, 1), (195, 1), (9, 1)])",71.0
spreading_minbudget,0.5003804999869317,200.0,0.8,"(2, [(33, 1), (72, 1)])",2.0
heuristic_minbudget,9.422623700054828,200.0,0.8,"(2, [(72, 1), (33, 1)])",2.0
spreading_minbudget,16.8753189999843,200.0,0.8,"(78, [(101, 1), (6, 1), (8, 1), (10, 1), (11, 1), (19, 1), (23, 1), (28, 1), (29, 1), (31, 1), (32, 1), (33, 1), (35, 1), (37, 1), (40, 1), (41, 1), (42, 1), (44, 1), (48, 1), (51, 1), (59, 1), (60, 1), (64, 1), (67, 1), (68, 1), (76, 1), (77, 1), (82, 1), (89, 1), (90, 1), (96, 1), (102, 1), (105, 1), (106, 1), (107, 1), (114, 1), (120, 1), (124, 1), (126, 1), (129, 1), (130, 1), (132, 1), (137, 1), (138, 1), (140, 1), (142, 1), (145, 1), (148, 1), (155, 1), (157, 1), (164, 1), (165, 1), (172, 1), (181, 1), (182, 1), (183, 1), (185, 1), (188, 1), (190, 1), (191, 1), (199, 1), (16, 1), (38, 1), (52, 1), (63, 1), (75, 1), (86, 1), (103, 1), (118, 1), (128, 1), (131, 1), (139, 1), (143, 1), (153, 1), (177, 1), (26, 1), (74, 1), (83, 1)])",78.0
heuristic_minbudget,19.25886719999835,200.0,0.8,"(77, [(103, 1), (145, 1), (140, 1), (37, 1), (89, 1), (31, 1), (19, 1), (190, 1), (42, 1), (82, 1), (96, 1), (16, 1), (191, 1), (59, 1), (86, 1), (120, 1), (157, 1), (64, 1), (164, 1), (165, 1), (77, 1), (52, 1), (130, 1), (106, 1), (188, 1), (90, 1), (8, 1), (183, 1), (118, 1), (132, 1), (142, 1), (137, 1), (143, 1), (129, 1), (155, 1), (10, 1), (11, 1), (29, 1), (51, 1), (32, 1), (83, 1), (105, 1), (40, 1), (172, 1), (48, 1), (68, 1), (126, 1), (148, 1), (26, 1), (41, 1), (44, 1), (38, 1), (199, 1), (124, 1), (128, 1), (76, 1), (102, 1), (138, 1), (182, 1), (185, 1), (28, 1), (60, 1), (153, 1), (107, 1), (177, 1), (6, 1), (75, 1), (23, 1), (63, 1), (74, 1), (35, 1), (67, 1), (139, 1), (181, 1), (131, 1), (114, 1), (33, 1)])",77.0
spreading_minbudget,14.92524410004262,200.0,0.8,"(73, [(2, 1), (5, 1), (6, 1), (8, 1), (9, 1), (11, 1), (18, 1), (19, 1), (22, 1), (24, 1), (28, 1), (29, 1), (33, 1), (43, 1), (44, 1), (46, 1), (48, 1), (51, 1), (54, 1), (61, 1), (64, 1), (67, 1), (69, 1), (71, 1), (76, 1), (77, 1), (78, 1), (89, 1), (98, 1), (106, 1), (109, 1), (115, 1), (116, 1), (119, 1), (121, 1), (124, 1), (129, 1), (135, 1), (137, 1), (140, 1), (142, 1), (145, 1), (150, 1), (151, 1), (152, 1), (155, 1), (157, 1), (167, 1), (172, 1), (173, 1), (181, 1), (182, 1), (184, 1), (191, 1), (193, 1), (196, 1), (199, 1), (16, 1), (27, 1), (55, 1), (63, 1), (86, 1), (103, 1), (104, 1), (131, 1), (143, 1), (195, 1), (4, 1), (17, 1), (26, 1), (30, 1), (74, 1), (87, 1)])",73.0
heuristic_minbudget,18.96017820003908,200.0,0.8,"(73, [(103, 1), (140, 1), (145, 1), (22, 1), (89, 1), (2, 1), (19, 1), (98, 1), (18, 1), (104, 1), (173, 1), (16, 1), (191, 1), (86, 1), (137, 1), (157, 1), (64, 1), (77, 1), (5, 1), (11, 1), (150, 1), (29, 1), (155, 1), (78, 1), (24, 1), (193, 1), (115, 1), (196, 1), (61, 1), (129, 1), (44, 1), (182, 1), (4, 1), (51, 1), (119, 1), (43, 1), (54, 1), (74, 1), (135, 1), (27, 1), (17, 1), (26, 1), (48, 1), (143, 1), (55, 1), (106, 1), (28, 1), (184, 1), (76, 1), (199, 1), (109, 1), (151, 1), (142, 1), (172, 1), (69, 1), (116, 1), (124, 1), (152, 1), (71, 1), (33, 1), (87, 1), (167, 1), (8, 1), (181, 1), (131, 1), (63, 1), (121, 1), (30, 1), (6, 1), (46, 1), (195, 1), (67, 1), (9, 1)])",73.0
spreading_minbudget,11.63559580000583,200.0,0.8,"(52, [(5, 1), (2, 1), (6, 1), (8, 1), (18, 1), (22, 1), (23, 1), (24, 1), (29, 1), (32, 1), (33, 1), (48, 1), (54, 1), (59, 1), (60, 1), (61, 1), (62, 1), (77, 1), (85, 1), (89, 1), (90, 1), (91, 1), (101, 1), (105, 1), (113, 1), (116, 1), (126, 1), (127, 1), (130, 1), (133, 1), (135, 1), (136, 1), (151, 1), (155, 1), (173, 1), (178, 1), (179, 1), (180, 1), (191, 1), (194, 1), (16, 1), (27, 1), (38, 1), (52, 1), (75, 1), (86, 1), (153, 1), (177, 1), (198, 1), (17, 1), (26, 1), (30, 1)])",52.0
heuristic_minbudget,16.84095890005119,200.0,0.8,"(52, [(22, 1), (2, 1), (89, 1), (180, 1), (101, 1), (127, 1), (133, 1), (18, 1), (173, 1), (191, 1), (86, 1), (90, 1), (5, 1), (179, 1), (16, 1), (91, 1), (77, 1), (27, 1), (126, 1), (178, 1), (32, 1), (59, 1), (48, 1), (135, 1), (155, 1), (8, 1), (52, 1), (54, 1), (130, 1), (198, 1), (23, 1), (24, 1), (113, 1), (105, 1), (61, 1), (29, 1), (75, 1), (62, 1), (6, 1), (26, 1), (17, 1), (85, 1), (33, 1), (153, 1), (151, 1), (194, 1), (30, 1), (60, 1), (38, 1), (136, 1), (177, 1), (116, 1)])",52.0
spreading_minbudget,14.329062700038776,400.0,0.1,"(12, [(95, 1), (1, 1), (157, 1), (324, 1), (348, 1), (62, 1), (63, 1), (71, 1), (353, 1), (172, 1), (168, 1), (49, 1)])",12.0
heuristic_minbudget,2.295906500017736,400.0,0.1,"(11, [(63, 1), (168, 1), (172, 1), (49, 1), (270, 1), (72, 1), (312, 1), (155, 1), (30, 1), (59, 1), (204, 1), (27, 2), (91, 2), (96, 2), (57, 2), (4, 2), (242, 2), (175, 2), (206, 2), (331, 2), (266, 2), (269, 2)])",11.0
spreading_minbudget,2.9505128999589942,400.0,0.1,"(3, [(36, 1), (49, 1), (195, 1), (122, 2), (2, 2), (3, 2)])",3.0
heuristic_minbudget,1.2546902999747545,400.0,0.1,"(3, [(119, 1), (49, 1), (204, 1), (396, 2), (4, 2), (122, 2)])",3.0
spreading_minbudget,23.5836990000098,400.0,0.1,"(21, [(298, 1), (236, 1), (345, 1), (156, 1), (271, 1), (97, 1), (167, 1), (316, 1), (204, 1), (385, 1), (71, 1), (243, 1), (1, 1), (215, 1), (59, 1), (155, 1), (30, 1), (32, 1), (193, 1), (289, 1), (118, 1)])",21.0
heuristic_minbudget,1.976466300024185,400.0,0.1,"(15, [(59, 1), (243, 1), (204, 1), (32, 1), (215, 1), (193, 1), (289, 1), (155, 1), (385, 1), (30, 1), (167, 1), (118, 1), (270, 1), (178, 1), (168, 1), (282, 2), (269, 2), (290, 2), (27, 2), (205, 2), (99, 2), (206, 2), (169, 2), (57, 2), (201, 2), (58, 2), (146, 2), (29, 2), (89, 2), (191, 2)])",15.0
spreading_minbudget,11.940336900006514,400.0,0.1,"(13, [(359, 1), (46, 1), (101, 1), (137, 1), (377, 1), (127, 1), (42, 1), (27, 1), (116, 1), (155, 1), (193, 1), (252, 1), (277, 1)])",13.0
heuristic_minbudget,1.8575655000167897,400.0,0.1,"(9, [(193, 1), (155, 1), (252, 1), (137, 1), (116, 1), (277, 1), (239, 1), (46, 1), (48, 1), (264, 2), (67, 2), (84, 2), (258, 2), (241, 2), (94, 2), (254, 2), (205, 2), (399, 2)])",9.0
spreading_minbudget,4.180508400022518,400.0,0.1,"(6, [(179, 1), (173, 1), (312, 1), (15, 1), (59, 1), (9, 1)])",6.0
heuristic_minbudget,1.5721031000139192,400.0,0.1,"(5, [(59, 1), (9, 1), (49, 1), (239, 1), (168, 1), (151, 2), (244, 2), (383, 2), (88, 2), (84, 2)])",5.0
spreading_minbudget,31.69446389999939,400.0,0.1,"(32, [(95, 1), (181, 1), (45, 1), (131, 1), (352, 1), (356, 1), (145, 1), (156, 1), (184, 1), (204, 1), (90, 1), (195, 1), (46, 1), (72, 1), (116, 1), (312, 1), (119, 1), (243, 1), (40, 1), (168, 1), (9, 1), (30, 1), (32, 1), (48, 1), (49, 1), (126, 1), (178, 1), (239, 1), (270, 1), (277, 1), (336, 1), (366, 1)])",32.0
heuristic_minbudget,2.4044372999924235,400.0,0.1,"(21, [(270, 1), (30, 1), (119, 1), (46, 1), (239, 1), (126, 1), (312, 1), (204, 1), (243, 1), (366, 1), (40, 1), (277, 1), (168, 1), (9, 1), (336, 1), (178, 1), (49, 1), (72, 1), (116, 1), (32, 1), (48, 1), (380, 2), (328, 2), (84, 2), (10, 2), (82, 2), (64, 2), (151, 2), (164, 2), (27, 2), (91, 2), (269, 2), (337, 2), (142, 2), (148, 2), (181, 2), (104, 2), (122, 2), (316, 2), (340, 2), (363, 2), (38, 2)])",21.0
spreading_minbudget,2.797571500006597,400.0,0.1,"(4, [(32, 1), (200, 1), (90, 1), (137, 1)])",4.0
heuristic_minbudget,1.1050358999636956,400.0,0.1,"(3, [(137, 1), (32, 1), (46, 1), (207, 2), (180, 2), (200, 2)])",3.0
spreading_minbudget,26.765315299970094,400.0,0.1,"(23, [(157, 1), (16, 1), (287, 1), (52, 1), (288, 1), (33, 1), (153, 1), (56, 1), (88, 1), (1, 1), (150, 1), (67, 1), (42, 1), (63, 1), (59, 1), (155, 1), (385, 1), (30, 1), (49, 1), (106, 1), (183, 1), (289, 1), (366, 1)])",23.0
heuristic_minbudget,2.2098444999428466,400.0,0.1,"(16, [(183, 1), (289, 1), (30, 1), (385, 1), (59, 1), (366, 1), (155, 1), (42, 1), (106, 1), (49, 1), (63, 1), (193, 1), (270, 1), (239, 1), (243, 1), (204, 1), (80, 2), (280, 2), (259, 2), (251, 2), (146, 2), (341, 2), (88, 2), (169, 2), (160, 2), (67, 2), (213, 2), (27, 2), (394, 2), (325, 2), (84, 2), (205, 2)])",16.0
spreading_minbudget,35.67517499998212,400.0,0.1,"(26, [(193, 1), (270, 1), (27, 1), (399, 1), (348, 1), (295, 1), (228, 1), (376, 1), (205, 1), (59, 1), (137, 1), (215, 1), (12, 1), (204, 1), (178, 1), (119, 1), (155, 1), (168, 1), (32, 1), (49, 1), (106, 1), (183, 1), (252, 1), (289, 1), (336, 1), (118, 1)])",26.0
heuristic_minbudget,2.229555399972014,400.0,0.1,"(17, [(193, 1), (204, 1), (59, 1), (137, 1), (183, 1), (289, 1), (32, 1), (178, 1), (49, 1), (155, 1), (119, 1), (168, 1), (118, 1), (252, 1), (12, 1), (336, 1), (106, 1), (191, 2), (206, 2), (255, 2), (300, 2), (373, 2), (152, 2), (291, 2), (94, 2), (182, 2), (207, 2), (357, 2), (397, 2), (28, 2), (105, 2), (122, 2), (371, 2), (4, 2)])",17.0
spreading_minbudget,35.15777290001279,400.0,0.1,"(27, [(399, 1), (206, 1), (348, 1), (156, 1), (320, 1), (213, 1), (88, 1), (92, 1), (50, 1), (46, 1), (302, 1), (339, 1), (218, 1), (312, 1), (42, 1), (77, 1), (137, 1), (215, 1), (40, 1), (30, 1), (72, 1), (126, 1), (172, 1), (193, 1), (239, 1), (289, 1), (366, 1)])",27.0
heuristic_minbudget,1.9653310000430797,400.0,0.1,"(16, [(366, 1), (137, 1), (193, 1), (239, 1), (215, 1), (46, 1), (312, 1), (126, 1), (42, 1), (289, 1), (40, 1), (30, 1), (72, 1), (172, 1), (183, 1), (168, 1), (131, 2), (396, 2), (363, 2), (381, 2), (234, 2), (207, 2), (335, 2), (190, 2), (101, 2), (291, 2), (112, 2), (380, 2), (58, 2), (346, 2), (27, 2), (298, 2)])",16.0
spreading_minbudget,2.143850399996154,400.0,0.1,"(2, [(71, 1), (251, 1)])",2.0
heuristic_minbudget,0.9862304999842308,400.0,0.1,"(2, [(193, 1), (270, 1), (251, 2), (144, 2)])",2.0
spreading_minbudget,14.582051799981857,400.0,0.1,"(14, [(150, 1), (16, 1), (270, 1), (307, 1), (4, 1), (361, 1), (286, 1), (1, 1), (52, 1), (3, 1), (119, 1), (63, 1), (72, 1), (183, 1)])",14.0
heuristic_minbudget,2.1758818000089377,400.0,0.1,"(10, [(119, 1), (183, 1), (72, 1), (63, 1), (270, 1), (46, 1), (178, 1), (9, 1), (193, 1), (243, 1), (189, 2), (300, 2), (309, 2), (348, 2), (371, 2), (391, 2), (122, 2), (319, 2), (83, 2), (380, 2)])",10.0
spreading_minbudget,37.614587200048845,400.0,0.1,"(31, [(193, 1), (191, 1), (95, 1), (348, 1), (399, 1), (381, 1), (266, 1), (295, 1), (281, 1), (184, 1), (216, 1), (103, 1), (302, 1), (366, 1), (137, 1), (9, 1), (116, 1), (119, 1), (204, 1), (40, 1), (59, 1), (155, 1), (30, 1), (32, 1), (126, 1), (172, 1), (183, 1), (270, 1), (277, 1), (289, 1), (118, 1)])",31.0
heuristic_minbudget,2.407004799984861,400.0,0.1,"(20, [(193, 1), (270, 1), (119, 1), (155, 1), (366, 1), (59, 1), (204, 1), (9, 1), (40, 1), (289, 1), (172, 1), (118, 1), (277, 1), (126, 1), (137, 1), (30, 1), (183, 1), (32, 1), (116, 1), (239, 1), (84, 2), (188, 2), (138, 2), (14, 2), (122, 2), (355, 2), (26, 2), (160, 2), (315, 2), (396, 2), (258, 2), (346, 2), (81, 2), (244, 2), (58, 2), (145, 2), (269, 2), (300, 2), (27, 2), (100, 2)])",20.0
spreading_minbudget,32.331487599993125,400.0,0.1,"(23, [(46, 1), (171, 1), (181, 1), (197, 1), (380, 1), (51, 1), (333, 1), (142, 1), (207, 1), (204, 1), (156, 1), (59, 1), (116, 1), (42, 1), (68, 1), (215, 1), (9, 1), (30, 1), (32, 1), (72, 1), (106, 1), (270, 1), (118, 1)])",23.0
heuristic_minbudget,2.0084014000021853,400.0,0.1,"(16, [(46, 1), (270, 1), (204, 1), (215, 1), (118, 1), (59, 1), (30, 1), (32, 1), (42, 1), (72, 1), (9, 1), (106, 1), (116, 1), (239, 1), (193, 1), (155, 1), (67, 2), (96, 2), (268, 2), (399, 2), (140, 2), (134, 2), (341, 2), (52, 2), (38, 2), (66, 2), (257, 2), (265, 2), (99, 2), (165, 2), (180, 2), (27, 2)])",16.0
spreading_minbudget,20.59085149999009,400.0,0.1,"(21, [(68, 1), (46, 1), (86, 1), (193, 1), (360, 1), (204, 1), (294, 1), (8, 1), (306, 1), (52, 1), (183, 1), (312, 1), (119, 1), (385, 1), (12, 1), (126, 1), (172, 1), (178, 1), (270, 1), (336, 1), (118, 1)])",21.0
heuristic_minbudget,2.1899885999737307,400.0,0.1,"(15, [(193, 1), (270, 1), (126, 1), (183, 1), (118, 1), (312, 1), (336, 1), (119, 1), (178, 1), (385, 1), (12, 1), (172, 1), (46, 1), (168, 1), (204, 1), (337, 2), (22, 2), (342, 2), (268, 2), (328, 2), (269, 2), (150, 2), (39, 2), (67, 2), (64, 2), (10, 2), (76, 2), (182, 2), (180, 2), (293, 2)])",15.0
spreading_minbudget,29.1029511000379,400.0,0.5,"(52, [(189, 1), (172, 1), (3, 1), (52, 1), (57, 1), (60, 1), (69, 1), (73, 1), (103, 1), (118, 1), (123, 1), (139, 1), (152, 1), (170, 1), (188, 1), (194, 1), (237, 1), (252, 1), (255, 1), (270, 1), (271, 1), (286, 1), (316, 1), (321, 1), (326, 1), (341, 1), (353, 1), (363, 1), (380, 1), (393, 1), (10, 1), (14, 1), (51, 1), (56, 1), (135, 1), (153, 1), (261, 1), (294, 1), (311, 1), (74, 1), (140, 1), (264, 1), (17, 1), (65, 1), (68, 1), (150, 1), (169, 1), (204, 1), (70, 1), (315, 1), (370, 1), (213, 1)])",52.0
heuristic_minbudget,26.058238000026904,400.0,0.5,"(51, [(68, 1), (172, 1), (315, 1), (135, 1), (316, 1), (353, 1), (60, 1), (255, 1), (139, 1), (169, 1), (123, 1), (194, 1), (213, 1), (326, 1), (237, 1), (294, 1), (271, 1), (311, 1), (370, 1), (170, 1), (393, 1), (204, 1), (252, 1), (10, 1), (103, 1), (188, 1), (270, 1), (321, 1), (3, 1), (69, 1), (118, 1), (150, 1), (14, 1), (52, 1), (152, 1), (51, 1), (261, 1), (56, 1), (70, 1), (140, 1), (153, 1), (341, 1), (73, 1), (264, 1), (17, 1), (65, 1), (380, 1), (74, 1), (286, 1), (57, 1), (363, 1)])",51.0
spreading_minbudget,42.12642000004416,400.0,0.5,"(71, [(139, 1), (158, 1), (28, 1), (2, 1), (3, 1), (21, 1), (40, 1), (43, 1), (47, 1), (105, 1), (123, 1), (146, 1), (152, 1), (163, 1), (167, 1), (177, 1), (237, 1), (252, 1), (253, 1), (260, 1), (277, 1), (299, 1), (308, 1), (309, 1), (314, 1), (324, 1), (330, 1), (334, 1), (362, 1), (366, 1), (381, 1), (386, 1), (393, 1), (16, 1), (76, 1), (80, 1), (112, 1), (135, 1), (153, 1), (165, 1), (166, 1), (172, 1), (249, 1), (258, 1), (294, 1), (311, 1), (317, 1), (322, 1), (359, 1), (390, 1), (74, 1), (265, 1), (280, 1), (305, 1), (343, 1), (379, 1), (17, 1), (150, 1), (169, 1), (224, 1), (290, 1), (391, 1), (120, 1), (154, 1), (221, 1), (370, 1), (222, 1), (254, 1), (327, 1), (77, 1), (86, 1)])",71.0
heuristic_minbudget,42.75821190001443,400.0,0.5,"(71, [(135, 1), (139, 1), (2, 1), (393, 1), (28, 1), (40, 1), (146, 1), (334, 1), (77, 1), (43, 1), (277, 1), (169, 1), (327, 1), (76, 1), (86, 1), (123, 1), (165, 1), (294, 1), (21, 1), (370, 1), (249, 1), (252, 1), (381, 1), (253, 1), (237, 1), (290, 1), (309, 1), (324, 1), (3, 1), (359, 1), (158, 1), (330, 1), (150, 1), (163, 1), (386, 1), (172, 1), (166, 1), (391, 1), (311, 1), (167, 1), (152, 1), (362, 1), (16, 1), (254, 1), (177, 1), (280, 1), (305, 1), (105, 1), (366, 1), (308, 1), (112, 1), (120, 1), (343, 1), (390, 1), (317, 1), (154, 1), (153, 1), (299, 1), (17, 1), (260, 1), (74, 1), (322, 1), (221, 1), (47, 1), (224, 1), (314, 1), (80, 1), (258, 1), (222, 1), (379, 1), (265, 1)])",71.0
spreading_minbudget,15.939505400019698,400.0,0.5,"(21, [(270, 1), (123, 1), (171, 1), (180, 1), (230, 1), (299, 1), (340, 1), (352, 1), (39, 1), (56, 1), (166, 1), (317, 1), (351, 1), (332, 1), (342, 1), (376, 1), (379, 1), (49, 1), (173, 1), (77, 1), (86, 1)])",21.0
heuristic_minbudget,23.02001380000729,400.0,0.5,"(20, [(351, 1), (340, 1), (376, 1), (230, 1), (77, 1), (123, 1), (39, 1), (86, 1), (332, 1), (180, 1), (171, 1), (49, 1), (166, 1), (56, 1), (173, 1), (352, 1), (299, 1), (317, 1), (342, 1), (379, 1)])",20.0
spreading_minbudget,8207.446799300029,400.0,0.5,"(94, [(268, 1), (43, 1), (393, 1), (2, 1), (24, 1), (28, 1), (37, 1), (40, 1), (47, 1), (52, 1), (58, 1), (71, 1), (79, 1), (109, 1), (121, 1), (123, 1), (139, 1), (152, 1), (158, 1), (168, 1), (177, 1), (185, 1), (188, 1), (207, 1), (237, 1), (252, 1), (256, 1), (260, 1), (266, 1), (270, 1), (277, 1), (286, 1), (288, 1), (299, 1), (302, 1), (307, 1), (309, 1), (314, 1), (316, 1), (321, 1), (324, 1), (334, 1), (362, 1), (363, 1), (366, 1), (380, 1), (386, 1), (389, 1), (30, 1), (31, 1), (35, 1), (51, 1), (54, 1), (83, 1), (130, 1), (135, 1), (165, 1), (166, 1), (172, 1), (175, 1), (199, 1), (211, 1), (294, 1), (317, 1), (322, 1), (368, 1), (394, 1), (74, 1), (111, 1), (183, 1), (264, 1), (280, 1), (305, 1), (332, 1), (338, 1), (342, 1), (343, 1), (376, 1), (379, 1), (17, 1), (63, 1), (96, 1), (173, 1), (224, 1), (336, 1), (344, 1), (70, 1), (120, 1), (239, 1), (370, 1), (115, 1), (222, 1), (231, 1), (327, 1)])",94.0
heuristic_minbudget,60.88765930000227,400.0,0.5,"(93, [(28, 1), (316, 1), (71, 1), (264, 1), (40, 1), (135, 1), (334, 1), (43, 1), (277, 1), (139, 1), (327, 1), (288, 1), (123, 1), (79, 1), (165, 1), (168, 1), (266, 1), (239, 1), (332, 1), (309, 1), (368, 1), (237, 1), (30, 1), (389, 1), (35, 1), (252, 1), (172, 1), (175, 1), (294, 1), (344, 1), (207, 1), (54, 1), (166, 1), (270, 1), (370, 1), (386, 1), (324, 1), (2, 1), (393, 1), (158, 1), (58, 1), (185, 1), (37, 1), (256, 1), (362, 1), (177, 1), (305, 1), (321, 1), (130, 1), (188, 1), (120, 1), (152, 1), (260, 1), (299, 1), (376, 1), (51, 1), (115, 1), (336, 1), (121, 1), (307, 1), (183, 1), (280, 1), (83, 1), (366, 1), (70, 1), (52, 1), (111, 1), (173, 1), (343, 1), (286, 1), (317, 1), (31, 1), (74, 1), (211, 1), (24, 1), (231, 1), (380, 1), (302, 1), (17, 1), (322, 1), (224, 1), (338, 1), (199, 1), (363, 1), (342, 1), (47, 1), (96, 1), (109, 1), (222, 1), (314, 1), (394, 1), (63, 1), (379, 1)])",93.0
spreading_minbudget,2.352463299990632,400.0,0.5,"(4, [(230, 1), (237, 1), (130, 1), (196, 1)])",4.0
heuristic_minbudget,22.42748670000583,400.0,0.5,"(4, [(130, 1), (230, 1), (237, 1), (196, 1)])",4.0
spreading_minbudget,11.208361900004093,400.0,0.5,"(14, [(72, 1), (130, 1), (1, 1), (79, 1), (161, 1), (185, 1), (279, 1), (321, 1), (356, 1), (393, 1), (294, 1), (305, 1), (222, 1), (327, 1)])",14.0
heuristic_minbudget,23.45790899998974,400.0,0.5,"(13, [(294, 1), (79, 1), (130, 1), (327, 1), (1, 1), (321, 1), (393, 1), (185, 1), (279, 1), (305, 1), (356, 1), (222, 1), (161, 1)])",13.0
spreading_minbudget,59.100590499991085,400.0,0.5,"(82, [(40, 1), (353, 1), (9, 1), (1, 1), (21, 1), (47, 1), (52, 1), (79, 1), (104, 1), (118, 1), (134, 1), (139, 1), (146, 1), (158, 1), (163, 1), (170, 1), (171, 1), (188, 1), (230, 1), (233, 1), (237, 1), (253, 1), (255, 1), (266, 1), (293, 1), (302, 1), (307, 1), (308, 1), (314, 1), (316, 1), (318, 1), (324, 1), (330, 1), (334, 1), (362, 1), (363, 1), (367, 1), (371, 1), (381, 1), (398, 1), (399, 1), (16, 1), (31, 1), (76, 1), (80, 1), (110, 1), (112, 1), (119, 1), (130, 1), (153, 1), (165, 1), (172, 1), (234, 1), (245, 1), (249, 1), (258, 1), (311, 1), (322, 1), (368, 1), (390, 1), (183, 1), (264, 1), (265, 1), (374, 1), (387, 1), (49, 1), (63, 1), (68, 1), (93, 1), (150, 1), (173, 1), (336, 1), (391, 1), (23, 1), (239, 1), (315, 1), (350, 1), (370, 1), (213, 1), (222, 1), (327, 1), (77, 1)])",82.0
heuristic_minbudget,53.18606629996793,400.0,0.5,"(80, [(77, 1), (311, 1), (230, 1), (80, 1), (316, 1), (146, 1), (353, 1), (255, 1), (334, 1), (398, 1), (318, 1), (327, 1), (350, 1), (368, 1), (79, 1), (139, 1), (367, 1), (266, 1), (76, 1), (170, 1), (239, 1), (324, 1), (1, 1), (165, 1), (371, 1), (68, 1), (245, 1), (110, 1), (158, 1), (249, 1), (93, 1), (171, 1), (119, 1), (172, 1), (391, 1), (21, 1), (23, 1), (253, 1), (370, 1), (213, 1), (237, 1), (315, 1), (150, 1), (308, 1), (362, 1), (381, 1), (118, 1), (188, 1), (330, 1), (336, 1), (112, 1), (307, 1), (183, 1), (390, 1), (16, 1), (163, 1), (173, 1), (374, 1), (52, 1), (49, 1), (130, 1), (134, 1), (233, 1), (322, 1), (234, 1), (302, 1), (31, 1), (104, 1), (222, 1), (47, 1), (153, 1), (258, 1), (293, 1), (264, 1), (363, 1), (314, 1), (387, 1), (399, 1), (265, 1), (63, 1)])",80.0
spreading_minbudget,3.937538099999074,400.0,0.5,"(3, [(123, 1), (280, 1), (68, 1)])",3.0
heuristic_minbudget,24.743526300007943,400.0,0.5,"(2, [(68, 1), (280, 1)])",2.0
spreading_minbudget,56.16033169999719,400.0,0.5,"(56, [(90, 1), (180, 1), (60, 1), (28, 1), (57, 1), (79, 1), (87, 1), (104, 1), (118, 1), (123, 1), (139, 1), (146, 1), (152, 1), (158, 1), (170, 1), (185, 1), (206, 1), (207, 1), (227, 1), (260, 1), (293, 1), (302, 1), (366, 1), (381, 1), (386, 1), (399, 1), (10, 1), (30, 1), (54, 1), (76, 1), (80, 1), (83, 1), (112, 1), (119, 1), (130, 1), (166, 1), (249, 1), (259, 1), (261, 1), (317, 1), (394, 1), (74, 1), (111, 1), (265, 1), (332, 1), (17, 1), (63, 1), (65, 1), (68, 1), (169, 1), (344, 1), (23, 1), (120, 1), (239, 1), (327, 1), (86, 1)])",56.0
heuristic_minbudget,49.999252300010994,400.0,0.5,"(55, [(28, 1), (74, 1), (10, 1), (180, 1), (139, 1), (146, 1), (60, 1), (327, 1), (169, 1), (79, 1), (30, 1), (123, 1), (76, 1), (86, 1), (249, 1), (332, 1), (87, 1), (119, 1), (239, 1), (381, 1), (344, 1), (54, 1), (23, 1), (386, 1), (158, 1), (68, 1), (166, 1), (170, 1), (207, 1), (227, 1), (259, 1), (118, 1), (152, 1), (185, 1), (261, 1), (293, 1), (120, 1), (260, 1), (104, 1), (83, 1), (130, 1), (65, 1), (366, 1), (112, 1), (111, 1), (317, 1), (17, 1), (80, 1), (394, 1), (302, 1), (57, 1), (206, 1), (265, 1), (399, 1), (63, 1)])",55.0
spreading_minbudget,33.95258430001559,400.0,0.5,"(37, [(271, 1), (127, 1), (5, 1), (24, 1), (28, 1), (71, 1), (73, 1), (79, 1), (92, 1), (103, 1), (146, 1), (171, 1), (180, 1), (185, 1), (220, 1), (230, 1), (233, 1), (237, 1), (252, 1), (299, 1), (381, 1), (399, 1), (10, 1), (14, 1), (80, 1), (165, 1), (311, 1), (317, 1), (351, 1), (368, 1), (394, 1), (264, 1), (374, 1), (376, 1), (379, 1), (221, 1), (239, 1)])",37.0
heuristic_minbudget,41.02585899998667,400.0,0.5,"(35, [(368, 1), (351, 1), (230, 1), (28, 1), (146, 1), (79, 1), (381, 1), (165, 1), (237, 1), (239, 1), (252, 1), (10, 1), (180, 1), (103, 1), (171, 1), (127, 1), (71, 1), (185, 1), (311, 1), (374, 1), (24, 1), (14, 1), (299, 1), (233, 1), (220, 1), (376, 1), (73, 1), (221, 1), (264, 1), (394, 1), (92, 1), (317, 1), (399, 1), (80, 1), (379, 1)])",35.0
spreading_minbudget,15.44173929997487,400.0,0.5,"(17, [(5, 1), (332, 1), (57, 1), (99, 1), (146, 1), (185, 1), (193, 1), (207, 1), (220, 1), (227, 1), (230, 1), (260, 1), (135, 1), (261, 1), (374, 1), (120, 1), (231, 1)])",17.0
heuristic_minbudget,29.972579699999187,400.0,0.5,"(17, [(5, 1), (332, 1), (120, 1), (230, 1), (135, 1), (146, 1), (99, 1), (193, 1), (207, 1), (185, 1), (231, 1), (374, 1), (220, 1), (227, 1), (260, 1), (261, 1), (57, 1)])",17.0
spreading_minbudget,69.14828319998924,400.0,0.5,"(72, [(157, 1), (116, 1), (60, 1), (1, 1), (3, 1), (21, 1), (24, 1), (28, 1), (40, 1), (52, 1), (71, 1), (87, 1), (89, 1), (99, 1), (104, 1), (121, 1), (127, 1), (142, 1), (161, 1), (163, 1), (170, 1), (171, 1), (206, 1), (220, 1), (230, 1), (252, 1), (253, 1), (266, 1), (271, 1), (277, 1), (282, 1), (288, 1), (289, 1), (293, 1), (299, 1), (308, 1), (314, 1), (324, 1), (326, 1), (330, 1), (334, 1), (340, 1), (341, 1), (353, 1), (356, 1), (362, 1), (363, 1), (366, 1), (380, 1), (386, 1), (389, 1), (31, 1), (76, 1), (119, 1), (172, 1), (175, 1), (196, 1), (211, 1), (249, 1), (259, 1), (294, 1), (111, 1), (187, 1), (264, 1), (342, 1), (374, 1), (49, 1), (344, 1), (23, 1), (154, 1), (315, 1), (254, 1)])",72.0
heuristic_minbudget,54.69468030001735,400.0,0.5,"(70, [(28, 1), (3, 1), (1, 1), (40, 1), (230, 1), (353, 1), (334, 1), (60, 1), (277, 1), (289, 1), (288, 1), (340, 1), (249, 1), (21, 1), (253, 1), (175, 1), (266, 1), (324, 1), (389, 1), (294, 1), (142, 1), (23, 1), (76, 1), (87, 1), (119, 1), (252, 1), (315, 1), (326, 1), (121, 1), (172, 1), (282, 1), (89, 1), (127, 1), (99, 1), (330, 1), (308, 1), (386, 1), (49, 1), (171, 1), (344, 1), (362, 1), (163, 1), (24, 1), (259, 1), (271, 1), (366, 1), (374, 1), (71, 1), (104, 1), (170, 1), (341, 1), (31, 1), (187, 1), (52, 1), (220, 1), (299, 1), (293, 1), (342, 1), (254, 1), (356, 1), (196, 1), (380, 1), (314, 1), (363, 1), (154, 1), (161, 1), (211, 1), (264, 1), (111, 1), (206, 1)])",70.0
spreading_minbudget,29.372565699974075,400.0,0.5,"(29, [(340, 1), (3, 1), (1, 1), (5, 1), (24, 1), (52, 1), (170, 1), (193, 1), (223, 1), (233, 1), (271, 1), (299, 1), (308, 1), (314, 1), (330, 1), (341, 1), (356, 1), (389, 1), (39, 1), (54, 1), (80, 1), (172, 1), (111, 1), (264, 1), (265, 1), (343, 1), (239, 1), (222, 1), (254, 1)])",29.0
heuristic_minbudget,36.39436919998843,400.0,0.5,"(27, [(271, 1), (222, 1), (264, 1), (5, 1), (39, 1), (1, 1), (239, 1), (389, 1), (170, 1), (54, 1), (172, 1), (193, 1), (330, 1), (24, 1), (308, 1), (343, 1), (254, 1), (233, 1), (52, 1), (341, 1), (111, 1), (356, 1), (299, 1), (80, 1), (314, 1), (265, 1), (223, 1)])",27.0
spreading_minbudget,47.57816490001278,400.0,0.5,"(63, [(353, 1), (119, 1), (1, 1), (2, 1), (3, 1), (24, 1), (28, 1), (37, 1), (40, 1), (60, 1), (69, 1), (79, 1), (92, 1), (103, 1), (104, 1), (105, 1), (121, 1), (123, 1), (127, 1), (142, 1), (146, 1), (152, 1), (227, 1), (228, 1), (255, 1), (266, 1), (279, 1), (288, 1), (307, 1), (308, 1), (326, 1), (340, 1), (389, 1), (399, 1), (10, 1), (16, 1), (30, 1), (31, 1), (35, 1), (56, 1), (110, 1), (130, 1), (196, 1), (211, 1), (234, 1), (368, 1), (74, 1), (111, 1), (140, 1), (332, 1), (338, 1), (343, 1), (374, 1), (49, 1), (93, 1), (224, 1), (391, 1), (154, 1), (239, 1), (315, 1), (115, 1), (213, 1), (222, 1)])",63.0
heuristic_minbudget,50.12935990002006,400.0,0.5,"(63, [(60, 1), (326, 1), (115, 1), (266, 1), (40, 1), (28, 1), (353, 1), (146, 1), (255, 1), (288, 1), (332, 1), (30, 1), (79, 1), (123, 1), (110, 1), (368, 1), (340, 1), (239, 1), (213, 1), (10, 1), (119, 1), (315, 1), (389, 1), (127, 1), (1, 1), (93, 1), (103, 1), (228, 1), (35, 1), (121, 1), (142, 1), (2, 1), (69, 1), (391, 1), (3, 1), (24, 1), (49, 1), (37, 1), (56, 1), (307, 1), (104, 1), (130, 1), (152, 1), (227, 1), (308, 1), (374, 1), (16, 1), (343, 1), (92, 1), (105, 1), (224, 1), (279, 1), (31, 1), (234, 1), (196, 1), (211, 1), (154, 1), (140, 1), (338, 1), (399, 1), (111, 1), (74, 1), (222, 1)])",63.0
spreading_minbudget,104.13862199999858,400.0,0.5,"(107, [(397, 1), (157, 1), (37, 1), (24, 1), (2, 1), (3, 1), (5, 1), (47, 1), (52, 1), (57, 1), (58, 1), (69, 1), (71, 1), (73, 1), (79, 1), (87, 1), (98, 1), (99, 1), (105, 1), (109, 1), (127, 1), (142, 1), (146, 1), (152, 1), (163, 1), (168, 1), (170, 1), (171, 1), (185, 1), (193, 1), (194, 1), (206, 1), (207, 1), (220, 1), (223, 1), (227, 1), (228, 1), (230, 1), (237, 1), (253, 1), (260, 1), (266, 1), (270, 1), (271, 1), (277, 1), (279, 1), (282, 1), (286, 1), (289, 1), (293, 1), (302, 1), (307, 1), (308, 1), (314, 1), (316, 1), (321, 1), (334, 1), (341, 1), (353, 1), (386, 1), (398, 1), (14, 1), (31, 1), (35, 1), (36, 1), (39, 1), (76, 1), (83, 1), (112, 1), (130, 1), (135, 1), (153, 1), (166, 1), (175, 1), (196, 1), (211, 1), (249, 1), (294, 1), (317, 1), (322, 1), (351, 1), (368, 1), (394, 1), (111, 1), (140, 1), (236, 1), (264, 1), (332, 1), (342, 1), (343, 1), (374, 1), (376, 1), (13, 1), (17, 1), (65, 1), (93, 1), (96, 1), (224, 1), (344, 1), (120, 1), (154, 1), (221, 1), (239, 1), (115, 1), (222, 1), (231, 1), (77, 1)])",107.0
heuristic_minbudget,70.25255549995927,400.0,0.5,"(105, [(398, 1), (77, 1), (302, 1), (196, 1), (230, 1), (316, 1), (135, 1), (353, 1), (146, 1), (334, 1), (351, 1), (5, 1), (277, 1), (368, 1), (79, 1), (249, 1), (194, 1), (76, 1), (35, 1), (39, 1), (98, 1), (289, 1), (168, 1), (237, 1), (239, 1), (266, 1), (127, 1), (282, 1), (294, 1), (193, 1), (271, 1), (2, 1), (87, 1), (332, 1), (58, 1), (171, 1), (142, 1), (166, 1), (99, 1), (344, 1), (175, 1), (228, 1), (253, 1), (36, 1), (115, 1), (307, 1), (321, 1), (120, 1), (341, 1), (37, 1), (374, 1), (3, 1), (69, 1), (71, 1), (236, 1), (260, 1), (386, 1), (270, 1), (13, 1), (185, 1), (105, 1), (130, 1), (170, 1), (207, 1), (93, 1), (112, 1), (224, 1), (24, 1), (279, 1), (308, 1), (317, 1), (343, 1), (17, 1), (227, 1), (154, 1), (293, 1), (163, 1), (220, 1), (73, 1), (152, 1), (342, 1), (14, 1), (83, 1), (286, 1), (31, 1), (153, 1), (322, 1), (376, 1), (52, 1), (264, 1), (394, 1), (221, 1), (47, 1), (57, 1), (140, 1), (314, 1), (96, 1), (65, 1), (206, 1), (111, 1), (222, 1), (109, 1), (231, 1), (211, 1), (223, 1)])",105.0
spreading_minbudget,82.22731909999857,400.0,0.8,"(99, [(345, 1), (4, 1), (7, 1), (11, 1), (17, 1), (21, 1), (22, 1), (26, 1), (28, 1), (32, 1), (37, 1), (40, 1), (45, 1), (47, 1), (49, 1), (56, 1), (74, 1), (79, 1), (86, 1), (87, 1), (88, 1), (92, 1), (93, 1), (104, 1), (107, 1), (112, 1), (117, 1), (118, 1), (122, 1), (123, 1), (130, 1), (134, 1), (144, 1), (147, 1), (149, 1), (153, 1), (154, 1), (155, 1), (156, 1), (158, 1), (159, 1), (162, 1), (173, 1), (177, 1), (181, 1), (197, 1), (204, 1), (207, 1), (209, 1), (233, 1), (235, 1), (247, 1), (252, 1), (267, 1), (273, 1), (275, 1), (276, 1), (279, 1), (282, 1), (283, 1), (286, 1), (287, 1), (290, 1), (300, 1), (302, 1), (306, 1), (323, 1), (333, 1), (339, 1), (347, 1), (352, 1), (354, 1), (358, 1), (362, 1), (371, 1), (372, 1), (376, 1), (388, 1), (391, 1), (393, 1), (16, 1), (36, 1), (68, 1), (121, 1), (180, 1), (194, 1), (208, 1), (218, 1), (241, 1), (261, 1), (308, 1), (324, 1), (332, 1), (343, 1), (384, 1), (243, 1), (280, 1), (378, 1), (399, 1)])",99.0
heuristic_minbudget,162.3604476999608,400.0,0.8,"(99, [(345, 1), (4, 1), (107, 1), (158, 1), (267, 1), (79, 1), (339, 1), (47, 1), (36, 1), (273, 1), (112, 1), (261, 1), (280, 1), (32, 1), (208, 1), (118, 1), (11, 1), (204, 1), (162, 1), (283, 1), (181, 1), (282, 1), (130, 1), (290, 1), (300, 1), (372, 1), (207, 1), (252, 1), (16, 1), (354, 1), (287, 1), (45, 1), (17, 1), (343, 1), (159, 1), (218, 1), (275, 1), (279, 1), (306, 1), (37, 1), (371, 1), (347, 1), (376, 1), (26, 1), (49, 1), (393, 1), (87, 1), (93, 1), (302, 1), (22, 1), (323, 1), (104, 1), (241, 1), (235, 1), (388, 1), (177, 1), (276, 1), (358, 1), (378, 1), (391, 1), (155, 1), (324, 1), (117, 1), (68, 1), (134, 1), (156, 1), (362, 1), (21, 1), (122, 1), (384, 1), (123, 1), (147, 1), (308, 1), (88, 1), (149, 1), (144, 1), (86, 1), (74, 1), (92, 1), (333, 1), (197, 1), (194, 1), (154, 1), (153, 1), (173, 1), (7, 1), (399, 1), (40, 1), (233, 1), (243, 1), (352, 1), (121, 1), (28, 1), (56, 1), (209, 1), (332, 1), (180, 1), (286, 1), (247, 1)])",99.0
spreading_minbudget,10.357702200009951,400.0,0.8,"(15, [(107, 1), (18, 1), (167, 1), (172, 1), (176, 1), (182, 1), (240, 1), (270, 1), (285, 1), (300, 1), (344, 1), (353, 1), (213, 1), (304, 1), (370, 1)])",15.0
heuristic_minbudget,86.10450690001016,400.0,0.8,"(15, [(172, 1), (107, 1), (304, 1), (182, 1), (270, 1), (213, 1), (370, 1), (18, 1), (176, 1), (353, 1), (300, 1), (344, 1), (240, 1), (167, 1), (285, 1)])",15.0
spreading_minbudget,18.721467899973504,400.0,0.8,"(28, [(176, 1), (6, 1), (14, 1), (26, 1), (29, 1), (96, 1), (135, 1), (138, 1), (141, 1), (148, 1), (184, 1), (200, 1), (233, 1), (266, 1), (273, 1), (282, 1), (296, 1), (310, 1), (318, 1), (386, 1), (389, 1), (13, 1), (35, 1), (150, 1), (195, 1), (241, 1), (370, 1), (399, 1)])",28.0
heuristic_minbudget,98.96520580002108,400.0,0.8,"(28, [(184, 1), (6, 1), (389, 1), (273, 1), (282, 1), (370, 1), (318, 1), (176, 1), (14, 1), (26, 1), (138, 1), (200, 1), (266, 1), (35, 1), (96, 1), (148, 1), (13, 1), (296, 1), (195, 1), (241, 1), (399, 1), (141, 1), (135, 1), (150, 1), (233, 1), (310, 1), (386, 1), (29, 1)])",28.0
spreading_minbudget,63.9481114000082,400.0,0.8,"(83, [(23, 1), (1, 1), (21, 1), (26, 1), (30, 1), (37, 1), (39, 1), (50, 1), (54, 1), (79, 1), (82, 1), (86, 1), (87, 1), (92, 1), (93, 1), (97, 1), (98, 1), (103, 1), (118, 1), (120, 1), (123, 1), (127, 1), (138, 1), (146, 1), (149, 1), (151, 1), (158, 1), (159, 1), (170, 1), (172, 1), (178, 1), (181, 1), (191, 1), (192, 1), (202, 1), (215, 1), (230, 1), (234, 1), (235, 1), (240, 1), (245, 1), (253, 1), (255, 1), (256, 1), (263, 1), (266, 1), (270, 1), (273, 1), (276, 1), (303, 1), (318, 1), (321, 1), (325, 1), (339, 1), (340, 1), (341, 1), (342, 1), (344, 1), (345, 1), (351, 1), (353, 1), (371, 1), (379, 1), (380, 1), (12, 1), (109, 1), (180, 1), (194, 1), (208, 1), (213, 1), (219, 1), (241, 1), (261, 1), (268, 1), (274, 1), (329, 1), (349, 1), (384, 1), (394, 1), (125, 1), (243, 1), (280, 1), (399, 1)])",83.0
heuristic_minbudget,157.28846840001643,400.0,0.8,"(83, [(158, 1), (345, 1), (79, 1), (339, 1), (273, 1), (303, 1), (261, 1), (98, 1), (215, 1), (118, 1), (109, 1), (280, 1), (120, 1), (213, 1), (170, 1), (318, 1), (39, 1), (270, 1), (97, 1), (151, 1), (208, 1), (172, 1), (159, 1), (50, 1), (379, 1), (181, 1), (268, 1), (353, 1), (245, 1), (192, 1), (194, 1), (219, 1), (21, 1), (235, 1), (93, 1), (26, 1), (23, 1), (329, 1), (138, 1), (146, 1), (256, 1), (37, 1), (127, 1), (241, 1), (266, 1), (384, 1), (371, 1), (30, 1), (123, 1), (87, 1), (321, 1), (255, 1), (263, 1), (276, 1), (253, 1), (54, 1), (202, 1), (240, 1), (341, 1), (344, 1), (103, 1), (340, 1), (342, 1), (349, 1), (178, 1), (230, 1), (399, 1), (380, 1), (1, 1), (125, 1), (234, 1), (351, 1), (86, 1), (82, 1), (12, 1), (325, 1), (394, 1), (92, 1), (243, 1), (274, 1), (149, 1), (191, 1), (180, 1)])",83.0
spreading_minbudget,79.70388839999214,400.0,0.8,"(113, [(186, 1), (2, 1), (5, 1), (15, 1), (20, 1), (21, 1), (26, 1), (30, 1), (32, 1), (37, 1), (45, 1), (50, 1), (52, 1), (58, 1), (59, 1), (65, 1), (69, 1), (71, 1), (73, 1), (83, 1), (87, 1), (88, 1), (93, 1), (96, 1), (97, 1), (98, 1), (103, 1), (117, 1), (120, 1), (123, 1), (130, 1), (131, 1), (142, 1), (144, 1), (149, 1), (153, 1), (158, 1), (163, 1), (167, 1), (174, 1), (181, 1), (192, 1), (197, 1), (209, 1), (210, 1), (224, 1), (225, 1), (226, 1), (232, 1), (234, 1), (251, 1), (252, 1), (255, 1), (265, 1), (269, 1), (279, 1), (284, 1), (287, 1), (300, 1), (307, 1), (311, 1), (312, 1), (316, 1), (319, 1), (323, 1), (325, 1), (327, 1), (339, 1), (346, 1), (352, 1), (353, 1), (354, 1), (357, 1), (360, 1), (361, 1), (371, 1), (372, 1), (373, 1), (374, 1), (375, 1), (376, 1), (382, 1), (386, 1), (388, 1), (389, 1), (390, 1), (395, 1), (397, 1), (10, 1), (13, 1), (35, 1), (36, 1), (53, 1), (68, 1), (101, 1), (108, 1), (136, 1), (180, 1), (187, 1), (194, 1), (195, 1), (218, 1), (227, 1), (241, 1), (281, 1), (294, 1), (324, 1), (336, 1), (343, 1), (370, 1), (394, 1), (243, 1), (359, 1)])",113.0
heuristic_minbudget,655.1200965999742,400.0,0.8,"(113, [(158, 1), (311, 1), (374, 1), (339, 1), (36, 1), (281, 1), (389, 1), (316, 1), (319, 1), (142, 1), (187, 1), (269, 1), (32, 1), (98, 1), (307, 1), (120, 1), (224, 1), (225, 1), (130, 1), (265, 1), (226, 1), (346, 1), (370, 1), (83, 1), (97, 1), (300, 1), (395, 1), (210, 1), (174, 1), (37, 1), (45, 1), (336, 1), (252, 1), (181, 1), (279, 1), (372, 1), (227, 1), (312, 1), (15, 1), (353, 1), (354, 1), (52, 1), (101, 1), (232, 1), (26, 1), (360, 1), (50, 1), (195, 1), (5, 1), (361, 1), (371, 1), (21, 1), (218, 1), (136, 1), (87, 1), (287, 1), (69, 1), (376, 1), (388, 1), (131, 1), (65, 1), (35, 1), (59, 1), (382, 1), (327, 1), (241, 1), (343, 1), (71, 1), (251, 1), (96, 1), (149, 1), (255, 1), (323, 1), (375, 1), (390, 1), (2, 1), (30, 1), (93, 1), (397, 1), (117, 1), (144, 1), (186, 1), (357, 1), (192, 1), (325, 1), (10, 1), (234, 1), (373, 1), (13, 1), (123, 1), (163, 1), (68, 1), (73, 1), (197, 1), (194, 1), (243, 1), (284, 1), (352, 1), (88, 1), (103, 1), (167, 1), (359, 1), (20, 1), (58, 1), (108, 1), (386, 1), (153, 1), (324, 1), (394, 1), (53, 1), (209, 1), (180, 1), (294, 1)])",113.0
spreading_minbudget,59.655745500000194,400.0,0.8,"(94, [(267, 1), (1, 1), (2, 1), (8, 1), (14, 1), (17, 1), (18, 1), (20, 1), (37, 1), (39, 1), (43, 1), (44, 1), (47, 1), (49, 1), (50, 1), (52, 1), (56, 1), (59, 1), (65, 1), (66, 1), (79, 1), (82, 1), (83, 1), (87, 1), (97, 1), (100, 1), (114, 1), (123, 1), (135, 1), (138, 1), (142, 1), (145, 1), (146, 1), (149, 1), (154, 1), (158, 1), (159, 1), (162, 1), (173, 1), (174, 1), (177, 1), (181, 1), (184, 1), (190, 1), (193, 1), (199, 1), (209, 1), (212, 1), (215, 1), (222, 1), (226, 1), (232, 1), (235, 1), (251, 1), (252, 1), (265, 1), (266, 1), (283, 1), (285, 1), (286, 1), (292, 1), (306, 1), (309, 1), (322, 1), (328, 1), (331, 1), (351, 1), (357, 1), (362, 1), (372, 1), (380, 1), (391, 1), (393, 1), (396, 1), (397, 1), (10, 1), (16, 1), (36, 1), (42, 1), (78, 1), (101, 1), (108, 1), (150, 1), (213, 1), (261, 1), (268, 1), (274, 1), (304, 1), (305, 1), (336, 1), (394, 1), (125, 1), (399, 1), (359, 1)])",94.0
heuristic_minbudget,146.56402980000712,400.0,0.8,"(94, [(158, 1), (232, 1), (267, 1), (79, 1), (47, 1), (304, 1), (36, 1), (261, 1), (265, 1), (142, 1), (16, 1), (162, 1), (215, 1), (66, 1), (184, 1), (213, 1), (159, 1), (39, 1), (283, 1), (336, 1), (83, 1), (17, 1), (174, 1), (268, 1), (309, 1), (372, 1), (181, 1), (193, 1), (226, 1), (145, 1), (18, 1), (44, 1), (212, 1), (252, 1), (331, 1), (391, 1), (59, 1), (14, 1), (50, 1), (101, 1), (222, 1), (52, 1), (396, 1), (37, 1), (97, 1), (266, 1), (2, 1), (199, 1), (8, 1), (65, 1), (78, 1), (138, 1), (146, 1), (235, 1), (292, 1), (306, 1), (100, 1), (190, 1), (177, 1), (251, 1), (351, 1), (397, 1), (42, 1), (87, 1), (123, 1), (125, 1), (135, 1), (305, 1), (285, 1), (393, 1), (362, 1), (43, 1), (328, 1), (149, 1), (357, 1), (108, 1), (399, 1), (1, 1), (380, 1), (10, 1), (49, 1), (82, 1), (154, 1), (322, 1), (173, 1), (209, 1), (274, 1), (359, 1), (56, 1), (114, 1), (150, 1), (20, 1), (394, 1), (286, 1)])",94.0
spreading_minbudget,76.71358159999363,400.0,0.8,"(105, [(97, 1), (1, 1), (6, 1), (11, 1), (15, 1), (21, 1), (24, 1), (34, 1), (37, 1), (38, 1), (43, 1), (47, 1), (50, 1), (59, 1), (66, 1), (70, 1), (73, 1), (76, 1), (82, 1), (85, 1), (93, 1), (95, 1), (98, 1), (105, 1), (111, 1), (113, 1), (114, 1), (118, 1), (126, 1), (127, 1), (131, 1), (134, 1), (139, 1), (142, 1), (143, 1), (144, 1), (145, 1), (148, 1), (149, 1), (151, 1), (157, 1), (163, 1), (177, 1), (178, 1), (186, 1), (199, 1), (200, 1), (201, 1), (202, 1), (207, 1), (222, 1), (231, 1), (235, 1), (239, 1), (250, 1), (265, 1), (266, 1), (269, 1), (270, 1), (272, 1), (273, 1), (282, 1), (287, 1), (290, 1), (295, 1), (297, 1), (301, 1), (302, 1), (307, 1), (313, 1), (319, 1), (321, 1), (335, 1), (346, 1), (353, 1), (354, 1), (360, 1), (361, 1), (363, 1), (368, 1), (373, 1), (377, 1), (379, 1), (386, 1), (390, 1), (391, 1), (9, 1), (13, 1), (16, 1), (53, 1), (164, 1), (180, 1), (187, 1), (194, 1), (208, 1), (219, 1), (241, 1), (261, 1), (274, 1), (294, 1), (332, 1), (336, 1), (343, 1), (394, 1), (280, 1)])",105.0
heuristic_minbudget,163.90382840001257,400.0,0.8,"(105, [(290, 1), (6, 1), (47, 1), (38, 1), (261, 1), (297, 1), (76, 1), (85, 1), (142, 1), (273, 1), (11, 1), (187, 1), (282, 1), (118, 1), (265, 1), (319, 1), (16, 1), (363, 1), (34, 1), (231, 1), (336, 1), (93, 1), (269, 1), (66, 1), (98, 1), (307, 1), (201, 1), (111, 1), (151, 1), (208, 1), (270, 1), (280, 1), (295, 1), (97, 1), (301, 1), (219, 1), (207, 1), (287, 1), (346, 1), (313, 1), (379, 1), (15, 1), (353, 1), (59, 1), (145, 1), (164, 1), (354, 1), (50, 1), (222, 1), (373, 1), (21, 1), (235, 1), (241, 1), (199, 1), (360, 1), (126, 1), (250, 1), (302, 1), (37, 1), (24, 1), (70, 1), (343, 1), (9, 1), (148, 1), (272, 1), (13, 1), (43, 1), (127, 1), (131, 1), (200, 1), (139, 1), (361, 1), (163, 1), (266, 1), (82, 1), (177, 1), (113, 1), (143, 1), (335, 1), (368, 1), (95, 1), (391, 1), (194, 1), (239, 1), (157, 1), (105, 1), (202, 1), (144, 1), (321, 1), (377, 1), (134, 1), (390, 1), (332, 1), (1, 1), (274, 1), (186, 1), (178, 1), (149, 1), (394, 1), (73, 1), (386, 1), (53, 1), (114, 1), (180, 1), (294, 1)])",105.0
spreading_minbudget,30.945501400041397,400.0,0.8,"(39, [(95, 1), (7, 1), (8, 1), (24, 1), (39, 1), (64, 1), (88, 1), (92, 1), (97, 1), (123, 1), (153, 1), (159, 1), (176, 1), (184, 1), (191, 1), (192, 1), (199, 1), (201, 1), (203, 1), (224, 1), (250, 1), (266, 1), (269, 1), (283, 1), (300, 1), (323, 1), (342, 1), (382, 1), (393, 1), (9, 1), (12, 1), (101, 1), (261, 1), (294, 1), (243, 1), (80, 1), (217, 1), (399, 1), (359, 1)])",39.0
heuristic_minbudget,98.19760489999317,400.0,0.8,"(39, [(159, 1), (39, 1), (261, 1), (269, 1), (80, 1), (224, 1), (283, 1), (184, 1), (250, 1), (176, 1), (201, 1), (64, 1), (97, 1), (203, 1), (300, 1), (192, 1), (8, 1), (323, 1), (101, 1), (266, 1), (342, 1), (199, 1), (393, 1), (9, 1), (24, 1), (359, 1), (399, 1), (88, 1), (382, 1), (123, 1), (217, 1), (7, 1), (12, 1), (95, 1), (92, 1), (243, 1), (191, 1), (153, 1), (294, 1)])",39.0
spreading_minbudget,19.75408390001394,400.0,0.8,"(30, [(8, 1), (32, 1), (34, 1), (37, 1), (73, 1), (77, 1), (86, 1), (91, 1), (92, 1), (97, 1), (143, 1), (173, 1), (198, 1), (199, 1), (207, 1), (233, 1), (283, 1), (286, 1), (310, 1), (316, 1), (323, 1), (361, 1), (389, 1), (395, 1), (9, 1), (242, 1), (332, 1), (80, 1), (217, 1), (399, 1)])",30.0
heuristic_minbudget,89.98541949997889,400.0,0.8,"(29, [(316, 1), (198, 1), (242, 1), (389, 1), (32, 1), (283, 1), (80, 1), (34, 1), (207, 1), (91, 1), (97, 1), (395, 1), (37, 1), (323, 1), (143, 1), (77, 1), (399, 1), (361, 1), (9, 1), (217, 1), (199, 1), (73, 1), (173, 1), (92, 1), (310, 1), (86, 1), (332, 1), (233, 1), (286, 1)])",29.0
spreading_minbudget,117.60860669997057,400.0,0.8,"(149, [(374, 1), (5, 1), (4, 1), (6, 1), (7, 1), (11, 1), (14, 1), (18, 1), (20, 1), (21, 1), (23, 1), (26, 1), (28, 1), (29, 1), (30, 1), (32, 1), (37, 1), (38, 1), (39, 1), (40, 1), (43, 1), (44, 1), (47, 1), (49, 1), (50, 1), (52, 1), (59, 1), (66, 1), (71, 1), (73, 1), (74, 1), (77, 1), (79, 1), (89, 1), (92, 1), (93, 1), (95, 1), (97, 1), (102, 1), (104, 1), (112, 1), (113, 1), (114, 1), (118, 1), (120, 1), (123, 1), (126, 1), (127, 1), (130, 1), (138, 1), (143, 1), (144, 1), (146, 1), (154, 1), (162, 1), (167, 1), (169, 1), (171, 1), (172, 1), (173, 1), (182, 1), (184, 1), (188, 1), (190, 1), (198, 1), (200, 1), (202, 1), (203, 1), (209, 1), (212, 1), (215, 1), (221, 1), (222, 1), (224, 1), (225, 1), (226, 1), (233, 1), (234, 1), (239, 1), (240, 1), (245, 1), (247, 1), (250, 1), (252, 1), (255, 1), (259, 1), (265, 1), (270, 1), (276, 1), (284, 1), (285, 1), (286, 1), (288, 1), (290, 1), (292, 1), (296, 1), (298, 1), (299, 1), (301, 1), (302, 1), (309, 1), (310, 1), (312, 1), (316, 1), (321, 1), (323, 1), (325, 1), (326, 1), (327, 1), (328, 1), (331, 1), (333, 1), (335, 1), (341, 1), (342, 1), (346, 1), (353, 1), (356, 1), (363, 1), (368, 1), (372, 1), (379, 1), (382, 1), (388, 1), (389, 1), (391, 1), (393, 1), (395, 1), (397, 1), (10, 1), (12, 1), (36, 1), (53, 1), (121, 1), (164, 1), (180, 1), (195, 1), (218, 1), (238, 1), (241, 1), (268, 1), (365, 1), (384, 1), (125, 1), (179, 1), (280, 1), (293, 1), (217, 1), (359, 1)])",149.0
heuristic_minbudget,177.5711764000007,400.0,0.8,"(149, [(198, 1), (265, 1), (47, 1), (374, 1), (79, 1), (36, 1), (38, 1), (4, 1), (6, 1), (182, 1), (299, 1), (112, 1), (169, 1), (11, 1), (221, 1), (215, 1), (389, 1), (290, 1), (316, 1), (89, 1), (162, 1), (280, 1), (184, 1), (120, 1), (224, 1), (363, 1), (32, 1), (130, 1), (118, 1), (245, 1), (225, 1), (203, 1), (226, 1), (66, 1), (102, 1), (288, 1), (301, 1), (331, 1), (372, 1), (127, 1), (252, 1), (39, 1), (97, 1), (179, 1), (50, 1), (312, 1), (172, 1), (379, 1), (250, 1), (268, 1), (346, 1), (52, 1), (171, 1), (200, 1), (395, 1), (309, 1), (365, 1), (23, 1), (59, 1), (302, 1), (353, 1), (391, 1), (188, 1), (126, 1), (238, 1), (18, 1), (21, 1), (71, 1), (323, 1), (164, 1), (270, 1), (327, 1), (241, 1), (26, 1), (93, 1), (138, 1), (333, 1), (5, 1), (44, 1), (212, 1), (393, 1), (233, 1), (222, 1), (397, 1), (247, 1), (384, 1), (218, 1), (321, 1), (285, 1), (7, 1), (74, 1), (14, 1), (382, 1), (37, 1), (335, 1), (77, 1), (167, 1), (49, 1), (104, 1), (342, 1), (123, 1), (173, 1), (209, 1), (144, 1), (293, 1), (143, 1), (217, 1), (356, 1), (240, 1), (195, 1), (43, 1), (296, 1), (328, 1), (146, 1), (255, 1), (190, 1), (95, 1), (298, 1), (12, 1), (284, 1), (92, 1), (202, 1), (28, 1), (73, 1), (113, 1), (125, 1), (368, 1), (310, 1), (326, 1), (154, 1), (40, 1), (20, 1), (234, 1), (30, 1), (292, 1), (180, 1), (239, 1), (341, 1), (359, 1), (388, 1), (10, 1), (121, 1), (53, 1), (114, 1), (276, 1), (325, 1), (286, 1), (259, 1), (29, 1)])",149.0
spreading_minbudget,117.79411459999392,400.0,0.8,"(154, [(187, 1), (1, 1), (4, 1), (5, 1), (7, 1), (14, 1), (20, 1), (22, 1), (23, 1), (28, 1), (29, 1), (32, 1), (37, 1), (38, 1), (39, 1), (40, 1), (47, 1), (49, 1), (52, 1), (54, 1), (58, 1), (59, 1), (62, 1), (64, 1), (65, 1), (69, 1), (70, 1), (79, 1), (82, 1), (83, 1), (87, 1), (89, 1), (91, 1), (93, 1), (95, 1), (97, 1), (98, 1), (103, 1), (104, 1), (106, 1), (107, 1), (111, 1), (112, 1), (117, 1), (120, 1), (123, 1), (130, 1), (138, 1), (141, 1), (143, 1), (144, 1), (147, 1), (154, 1), (158, 1), (162, 1), (163, 1), (170, 1), (172, 1), (176, 1), (177, 1), (178, 1), (181, 1), (182, 1), (190, 1), (191, 1), (198, 1), (200, 1), (201, 1), (203, 1), (204, 1), (207, 1), (210, 1), (212, 1), (222, 1), (224, 1), (237, 1), (245, 1), (250, 1), (253, 1), (256, 1), (259, 1), (263, 1), (264, 1), (266, 1), (267, 1), (269, 1), (273, 1), (279, 1), (282, 1), (285, 1), (286, 1), (290, 1), (292, 1), (307, 1), (311, 1), (313, 1), (316, 1), (318, 1), (319, 1), (321, 1), (326, 1), (327, 1), (331, 1), (333, 1), (335, 1), (338, 1), (339, 1), (342, 1), (347, 1), (351, 1), (353, 1), (354, 1), (356, 1), (374, 1), (375, 1), (376, 1), (377, 1), (379, 1), (382, 1), (387, 1), (388, 1), (389, 1), (390, 1), (393, 1), (395, 1), (396, 1), (9, 1), (16, 1), (33, 1), (35, 1), (53, 1), (78, 1), (101, 1), (108, 1), (121, 1), (136, 1), (150, 1), (180, 1), (195, 1), (218, 1), (238, 1), (242, 1), (268, 1), (294, 1), (305, 1), (329, 1), (343, 1), (125, 1), (243, 1), (280, 1), (293, 1), (217, 1), (378, 1), (359, 1)])",154.0
heuristic_minbudget,147.61017900001025,400.0,0.8,"(154, [(4, 1), (120, 1), (158, 1), (267, 1), (198, 1), (107, 1), (374, 1), (79, 1), (339, 1), (242, 1), (47, 1), (38, 1), (187, 1), (273, 1), (290, 1), (112, 1), (311, 1), (182, 1), (319, 1), (176, 1), (389, 1), (264, 1), (89, 1), (316, 1), (33, 1), (280, 1), (237, 1), (269, 1), (245, 1), (282, 1), (307, 1), (224, 1), (111, 1), (201, 1), (101, 1), (279, 1), (318, 1), (331, 1), (16, 1), (39, 1), (162, 1), (32, 1), (59, 1), (181, 1), (97, 1), (130, 1), (268, 1), (170, 1), (395, 1), (14, 1), (222, 1), (62, 1), (78, 1), (354, 1), (91, 1), (204, 1), (83, 1), (207, 1), (343, 1), (98, 1), (356, 1), (54, 1), (70, 1), (104, 1), (172, 1), (136, 1), (379, 1), (210, 1), (376, 1), (396, 1), (64, 1), (313, 1), (329, 1), (138, 1), (9, 1), (65, 1), (143, 1), (203, 1), (37, 1), (195, 1), (238, 1), (327, 1), (5, 1), (49, 1), (52, 1), (35, 1), (93, 1), (69, 1), (212, 1), (393, 1), (106, 1), (218, 1), (250, 1), (285, 1), (333, 1), (378, 1), (266, 1), (23, 1), (123, 1), (163, 1), (351, 1), (253, 1), (28, 1), (353, 1), (22, 1), (338, 1), (263, 1), (217, 1), (256, 1), (305, 1), (177, 1), (347, 1), (190, 1), (200, 1), (117, 1), (375, 1), (125, 1), (342, 1), (144, 1), (95, 1), (178, 1), (377, 1), (390, 1), (87, 1), (388, 1), (147, 1), (382, 1), (294, 1), (40, 1), (321, 1), (335, 1), (7, 1), (141, 1), (1, 1), (359, 1), (243, 1), (387, 1), (20, 1), (53, 1), (82, 1), (191, 1), (286, 1), (103, 1), (108, 1), (259, 1), (292, 1), (29, 1), (293, 1), (121, 1), (150, 1), (154, 1), (326, 1), (58, 1), (180, 1)])",154.0
spreading_minbudget,53.370299400005024,400.0,0.8,"(109, [(37, 1), (4, 1), (7, 1), (8, 1), (21, 1), (22, 1), (29, 1), (43, 1), (45, 1), (58, 1), (59, 1), (62, 1), (64, 1), (66, 1), (76, 1), (77, 1), (83, 1), (89, 1), (91, 1), (98, 1), (104, 1), (107, 1), (110, 1), (112, 1), (118, 1), (122, 1), (123, 1), (127, 1), (131, 1), (133, 1), (134, 1), (138, 1), (140, 1), (142, 1), (145, 1), (146, 1), (149, 1), (153, 1), (154, 1), (158, 1), (163, 1), (169, 1), (170, 1), (176, 1), (177, 1), (181, 1), (182, 1), (192, 1), (199, 1), (201, 1), (203, 1), (204, 1), (207, 1), (221, 1), (235, 1), (245, 1), (249, 1), (252, 1), (265, 1), (266, 1), (272, 1), (273, 1), (276, 1), (285, 1), (296, 1), (297, 1), (298, 1), (299, 1), (300, 1), (309, 1), (311, 1), (312, 1), (318, 1), (322, 1), (325, 1), (326, 1), (327, 1), (328, 1), (331, 1), (335, 1), (339, 1), (344, 1), (345, 1), (353, 1), (354, 1), (363, 1), (372, 1), (373, 1), (374, 1), (375, 1), (379, 1), (386, 1), (389, 1), (391, 1), (396, 1), (397, 1), (10, 1), (33, 1), (109, 1), (121, 1), (219, 1), (238, 1), (241, 1), (268, 1), (336, 1), (365, 1), (384, 1), (293, 1), (359, 1)])",109.0
heuristic_minbudget,112.00041119998788,400.0,0.8,"(109, [(297, 1), (76, 1), (158, 1), (107, 1), (345, 1), (374, 1), (339, 1), (4, 1), (112, 1), (273, 1), (311, 1), (221, 1), (142, 1), (299, 1), (169, 1), (204, 1), (182, 1), (389, 1), (33, 1), (45, 1), (110, 1), (265, 1), (363, 1), (89, 1), (66, 1), (176, 1), (252, 1), (109, 1), (318, 1), (331, 1), (201, 1), (336, 1), (170, 1), (98, 1), (83, 1), (219, 1), (181, 1), (372, 1), (62, 1), (207, 1), (64, 1), (91, 1), (354, 1), (365, 1), (245, 1), (373, 1), (127, 1), (396, 1), (21, 1), (312, 1), (353, 1), (268, 1), (59, 1), (138, 1), (300, 1), (118, 1), (238, 1), (146, 1), (203, 1), (327, 1), (235, 1), (344, 1), (272, 1), (379, 1), (296, 1), (384, 1), (22, 1), (199, 1), (241, 1), (249, 1), (145, 1), (276, 1), (37, 1), (43, 1), (328, 1), (77, 1), (134, 1), (104, 1), (122, 1), (192, 1), (131, 1), (266, 1), (293, 1), (325, 1), (163, 1), (322, 1), (8, 1), (10, 1), (29, 1), (177, 1), (298, 1), (309, 1), (391, 1), (397, 1), (133, 1), (149, 1), (154, 1), (285, 1), (335, 1), (123, 1), (359, 1), (7, 1), (326, 1), (375, 1), (153, 1), (58, 1), (140, 1), (386, 1), (121, 1)])",109.0
spreading_minbudget,34.293654799985234,400.0,0.8,"(79, [(21, 1), (1, 1), (23, 1), (37, 1), (44, 1), (45, 1), (52, 1), (65, 1), (69, 1), (70, 1), (92, 1), (95, 1), (98, 1), (100, 1), (113, 1), (117, 1), (126, 1), (127, 1), (133, 1), (138, 1), (139, 1), (141, 1), (143, 1), (144, 1), (147, 1), (148, 1), (153, 1), (156, 1), (172, 1), (177, 1), (197, 1), (215, 1), (216, 1), (225, 1), (235, 1), (240, 1), (249, 1), (250, 1), (262, 1), (264, 1), (267, 1), (269, 1), (295, 1), (297, 1), (306, 1), (307, 1), (312, 1), (318, 1), (321, 1), (325, 1), (326, 1), (331, 1), (340, 1), (344, 1), (347, 1), (376, 1), (379, 1), (388, 1), (390, 1), (391, 1), (9, 1), (33, 1), (35, 1), (60, 1), (78, 1), (101, 1), (109, 1), (121, 1), (136, 1), (180, 1), (187, 1), (194, 1), (195, 1), (281, 1), (294, 1), (329, 1), (370, 1), (243, 1), (280, 1)])",79.0
heuristic_minbudget,85.23932609998155,400.0,0.8,"(79, [(109, 1), (267, 1), (297, 1), (281, 1), (264, 1), (33, 1), (187, 1), (370, 1), (307, 1), (216, 1), (215, 1), (269, 1), (98, 1), (280, 1), (101, 1), (45, 1), (172, 1), (225, 1), (60, 1), (78, 1), (347, 1), (318, 1), (331, 1), (44, 1), (136, 1), (262, 1), (250, 1), (35, 1), (306, 1), (379, 1), (37, 1), (235, 1), (9, 1), (240, 1), (312, 1), (329, 1), (65, 1), (344, 1), (138, 1), (143, 1), (340, 1), (249, 1), (376, 1), (113, 1), (391, 1), (23, 1), (177, 1), (126, 1), (148, 1), (21, 1), (321, 1), (139, 1), (127, 1), (52, 1), (70, 1), (195, 1), (156, 1), (100, 1), (194, 1), (295, 1), (95, 1), (390, 1), (117, 1), (92, 1), (141, 1), (144, 1), (197, 1), (1, 1), (325, 1), (69, 1), (388, 1), (133, 1), (243, 1), (121, 1), (147, 1), (326, 1), (153, 1), (294, 1), (180, 1)])",79.0
spreading_minbudget,25.62152710004011,400.0,0.8,"(53, [(23, 1), (18, 1), (44, 1), (50, 1), (77, 1), (85, 1), (88, 1), (96, 1), (105, 1), (113, 1), (122, 1), (133, 1), (162, 1), (167, 1), (178, 1), (186, 1), (190, 1), (199, 1), (204, 1), (215, 1), (225, 1), (226, 1), (232, 1), (239, 1), (247, 1), (252, 1), (270, 1), (279, 1), (283, 1), (286, 1), (295, 1), (297, 1), (298, 1), (311, 1), (322, 1), (351, 1), (357, 1), (368, 1), (373, 1), (391, 1), (36, 1), (42, 1), (68, 1), (238, 1), (242, 1), (274, 1), (305, 1), (324, 1), (332, 1), (343, 1), (293, 1), (217, 1), (359, 1)])",53.0
heuristic_minbudget,82.82820879999781,400.0,0.8,"(53, [(242, 1), (225, 1), (36, 1), (297, 1), (85, 1), (311, 1), (204, 1), (162, 1), (283, 1), (215, 1), (270, 1), (18, 1), (50, 1), (226, 1), (232, 1), (23, 1), (44, 1), (252, 1), (279, 1), (295, 1), (42, 1), (373, 1), (305, 1), (68, 1), (96, 1), (113, 1), (357, 1), (391, 1), (122, 1), (238, 1), (199, 1), (324, 1), (77, 1), (190, 1), (351, 1), (322, 1), (186, 1), (239, 1), (293, 1), (178, 1), (167, 1), (343, 1), (133, 1), (217, 1), (368, 1), (88, 1), (298, 1), (105, 1), (359, 1), (247, 1), (332, 1), (274, 1), (286, 1)])",53.0
spreading_minbudget,58.04048610001337,400.0,0.8,"(117, [(156, 1), (2, 1), (8, 1), (15, 1), (18, 1), (20, 1), (21, 1), (23, 1), (26, 1), (30, 1), (38, 1), (49, 1), (50, 1), (52, 1), (56, 1), (65, 1), (66, 1), (69, 1), (70, 1), (77, 1), (79, 1), (86, 1), (89, 1), (93, 1), (96, 1), (97, 1), (103, 1), (105, 1), (110, 1), (111, 1), (114, 1), (118, 1), (127, 1), (134, 1), (138, 1), (143, 1), (145, 1), (147, 1), (151, 1), (153, 1), (154, 1), (155, 1), (157, 1), (159, 1), (162, 1), (163, 1), (167, 1), (169, 1), (172, 1), (173, 1), (176, 1), (181, 1), (190, 1), (191, 1), (198, 1), (199, 1), (207, 1), (221, 1), (222, 1), (224, 1), (231, 1), (235, 1), (239, 1), (245, 1), (250, 1), (253, 1), (267, 1), (272, 1), (273, 1), (276, 1), (279, 1), (283, 1), (285, 1), (290, 1), (295, 1), (296, 1), (303, 1), (306, 1), (312, 1), (319, 1), (326, 1), (327, 1), (340, 1), (342, 1), (345, 1), (347, 1), (354, 1), (362, 1), (372, 1), (373, 1), (376, 1), (377, 1), (386, 1), (389, 1), (391, 1), (395, 1), (10, 1), (12, 1), (13, 1), (42, 1), (53, 1), (108, 1), (121, 1), (164, 1), (180, 1), (194, 1), (213, 1), (218, 1), (227, 1), (261, 1), (304, 1), (343, 1), (365, 1), (370, 1), (179, 1), (280, 1), (359, 1)])",117.0
heuristic_minbudget,121.55247699999018,400.0,0.8,"(117, [(306, 1), (373, 1), (267, 1), (198, 1), (79, 1), (345, 1), (304, 1), (38, 1), (221, 1), (273, 1), (110, 1), (169, 1), (261, 1), (303, 1), (319, 1), (389, 1), (290, 1), (176, 1), (224, 1), (283, 1), (66, 1), (231, 1), (118, 1), (89, 1), (162, 1), (227, 1), (151, 1), (279, 1), (280, 1), (213, 1), (245, 1), (50, 1), (370, 1), (372, 1), (395, 1), (111, 1), (179, 1), (295, 1), (172, 1), (15, 1), (42, 1), (145, 1), (159, 1), (181, 1), (18, 1), (354, 1), (93, 1), (164, 1), (222, 1), (312, 1), (2, 1), (23, 1), (250, 1), (327, 1), (26, 1), (70, 1), (207, 1), (77, 1), (69, 1), (97, 1), (376, 1), (272, 1), (52, 1), (65, 1), (21, 1), (138, 1), (96, 1), (340, 1), (143, 1), (199, 1), (155, 1), (235, 1), (127, 1), (365, 1), (362, 1), (8, 1), (30, 1), (103, 1), (218, 1), (147, 1), (347, 1), (156, 1), (49, 1), (342, 1), (13, 1), (276, 1), (377, 1), (239, 1), (157, 1), (190, 1), (253, 1), (343, 1), (173, 1), (86, 1), (285, 1), (391, 1), (167, 1), (194, 1), (108, 1), (296, 1), (154, 1), (20, 1), (56, 1), (105, 1), (191, 1), (180, 1), (134, 1), (326, 1), (10, 1), (163, 1), (114, 1), (153, 1), (12, 1), (53, 1), (121, 1), (359, 1), (386, 1)])",117.0
